school;sex;age;address;famsize;Pstatus;Medu;Fedu;traveltime;studytime;failures;schoolsup;famsup;paid;activities;nursery;higher;internet;romantic;famrel;freetime;goout;Dalc;Walc;health;absences;G1;G2;G3;desercion;asignatura;absences_original;sex_F;address_U;famsize_GT3;Pstatus_T;school_GP;Mjob_health;Mjob_other;Mjob_services;Mjob_teacher;Fjob_health;Fjob_other;Fjob_services;Fjob_teacher;reason_home;reason_other;reason_reputation;guardian_mother;guardian_other;aprobado;progreso_g1_g3;nivel_alcohol;edu_familiar_media
GP;F;18;U;GT3;A;4;4;2;2;0;1;0;0;0;1;1;0;0;4;3;4;1;1;3;4;0;11;11;0;por;4;1;1;1;0;1;0;0;0;0;0;0;0;1;0;0;0;1;0;1;11;1.0;4.0
GP;F;17;U;GT3;T;1;1;1;2;0;0;1;0;0;0;1;1;0;5;3;3;1;1;3;2;9;11;11;0;por;2;1;1;1;1;1;0;0;0;0;0;1;0;0;0;0;0;0;0;1;2;1.0;1.0
GP;F;15;U;LE3;T;1;1;1;2;0;1;0;0;0;1;1;1;0;4;3;2;2;3;3;6;12;13;12;0;por;6;1;1;0;1;1;0;0;0;0;0;1;0;0;0;1;0;1;0;1;0;2.5;1.0
GP;F;15;U;GT3;T;4;2;1;3;0;0;1;0;1;1;1;1;1;3;2;2;1;1;5;0;14;14;14;0;por;0;1;1;1;1;1;1;0;0;0;0;0;1;0;1;0;0;1;0;1;0;1.0;3.0
GP;F;16;U;GT3;T;3;3;1;2;0;0;1;0;0;1;1;0;0;4;3;2;1;2;5;0;11;13;13;0;por;0;1;1;1;1;1;0;1;0;0;0;1;0;0;1;0;0;0;0;1;2;1.5;3.0
GP;M;16;U;LE3;T;4;3;1;2;0;0;1;0;1;1;1;1;0;5;4;2;1;2;5;6;12;12;13;0;por;6;0;1;0;1;1;0;0;1;0;0;1;0;0;0;0;1;1;0;1;1;1.5;3.5
GP;M;16;U;LE3;T;2;2;1;2;0;0;0;0;0;1;1;1;0;4;4;4;1;1;3;0;13;12;13;0;por;0;0;1;0;1;1;0;1;0;0;0;1;0;0;1;0;0;1;0;1;0;1.0;2.0
GP;F;17;U;GT3;A;4;4;2;2;0;1;1;0;0;1;1;0;0;4;1;4;1;1;1;2;10;13;13;0;por;2;1;1;1;0;1;0;1;0;0;0;0;0;1;1;0;0;1;0;1;3;1.0;4.0
GP;M;15;U;LE3;A;3;2;1;2;0;0;1;0;0;1;1;1;0;4;2;2;1;1;1;0;15;16;17;0;por;0;0;1;0;0;1;0;0;1;0;0;1;0;0;1;0;0;1;0;1;2;1.0;2.5
GP;M;15;U;GT3;T;3;4;1;2;0;0;1;0;1;1;1;1;0;5;5;1;1;1;5;0;12;12;13;0;por;0;0;1;1;1;1;0;1;0;0;0;1;0;0;1;0;0;1;0;1;1;1.0;3.5
GP;F;15;U;GT3;T;4;4;1;2;0;0;1;0;0;1;1;1;0;3;3;3;1;2;2;2;14;14;14;0;por;2;1;1;1;1;1;0;0;0;1;1;0;0;0;0;0;1;1;0;1;0;1.5;4.0
GP;F;15;U;GT3;T;2;1;3;3;0;0;1;0;1;1;1;1;0;5;2;2;1;1;4;0;10;12;13;0;por;0;1;1;1;1;1;0;0;1;0;0;1;0;0;0;0;1;0;0;1;3;1.0;1.5
GP;M;15;U;LE3;T;4;4;1;1;0;0;1;0;1;1;1;1;0;4;3;3;1;3;5;0;12;13;12;0;por;0;0;1;0;1;1;1;0;0;0;0;0;1;0;0;0;0;0;0;1;0;2.0;4.0
GP;M;15;U;GT3;T;4;3;2;2;0;0;1;0;0;1;1;1;0;5;4;3;1;2;3;0;12;12;13;0;por;0;0;1;1;1;1;0;0;0;1;0;1;0;0;0;0;0;1;0;1;1;1.5;3.5
GP;M;15;U;GT3;A;2;2;1;3;0;0;1;0;0;1;1;1;1;4;5;2;1;1;3;0;14;14;15;0;por;0;0;1;1;0;1;0;1;0;0;0;1;0;0;1;0;0;0;1;1;1;1.0;2.0
GP;F;16;U;GT3;T;4;4;1;1;0;0;1;0;0;1;1;1;0;4;4;4;1;2;2;6;17;17;17;0;por;6;1;1;1;1;1;1;0;0;0;0;1;0;0;1;0;0;1;0;1;0;1.5;4.0
GP;F;16;U;GT3;T;4;4;1;3;0;0;1;0;1;1;1;1;0;3;2;3;1;2;2;10;13;13;14;0;por;10;1;1;1;1;1;0;0;1;0;0;0;1;0;0;0;1;1;0;1;1;1.5;4.0
GP;F;16;U;GT3;T;3;3;3;2;0;1;1;0;1;1;1;0;0;5;3;2;1;1;4;2;13;14;14;0;por;2;1;1;1;1;1;0;1;0;0;0;1;0;0;0;0;1;1;0;1;1;1.0;3.0
GP;M;17;U;GT3;T;3;2;1;1;3;0;1;1;1;1;1;1;0;5;5;5;2;4;5;2;8;8;7;0;por;2;0;1;1;1;1;0;0;1;0;0;0;1;0;0;0;0;1;0;0;-1;3.0;2.5
GP;M;16;U;LE3;T;4;3;1;1;0;0;0;0;1;1;1;1;0;3;1;3;1;3;5;6;12;12;12;0;por;6;0;1;0;1;1;1;0;0;0;0;1;0;0;1;0;0;0;0;1;0;2.0;3.5
GP;M;15;U;GT3;T;4;3;1;2;0;0;0;0;0;1;1;1;0;4;4;1;1;1;1;0;12;13;14;0;por;0;0;1;1;1;1;0;0;0;1;0;1;0;0;0;0;1;1;0;1;2;1.0;3.5
GP;M;15;U;GT3;T;4;4;1;1;0;0;1;1;0;1;1;1;0;5;4;2;1;1;5;0;11;12;12;0;por;0;0;1;1;1;1;1;0;0;0;1;0;0;0;0;1;0;0;0;1;1;1.0;4.0
GP;M;16;U;LE3;T;4;2;1;2;0;0;0;0;1;1;1;1;0;4;5;1;1;3;5;0;12;13;14;0;por;0;0;1;0;1;1;0;0;0;1;0;1;0;0;0;0;0;1;0;1;2;2.0;3.0
GP;M;16;U;LE3;T;2;2;2;2;0;0;1;0;1;1;1;1;0;5;4;4;2;4;5;2;10;10;10;0;por;2;0;1;0;1;1;0;1;0;0;0;1;0;0;0;0;1;1;0;1;0;3.0;2.0
GP;F;15;R;GT3;T;2;4;1;3;0;1;1;0;1;1;1;1;0;4;3;2;1;1;5;2;10;11;10;0;por;2;1;0;1;1;1;0;0;1;0;1;0;0;0;0;0;0;1;0;1;0;1.0;3.0
GP;F;16;U;GT3;T;2;2;1;1;0;0;1;0;0;0;1;1;0;1;2;2;1;3;5;6;10;11;12;0;por;6;1;1;1;1;1;0;0;1;0;0;0;1;0;1;0;0;1;0;1;2;2.0;2.0
GP;M;15;U;GT3;T;2;2;1;1;0;0;1;0;0;1;1;1;0;4;2;2;1;2;5;8;11;12;12;0;por;8;0;1;1;1;1;0;1;0;0;0;1;0;0;1;0;0;1;0;1;1;1.5;2.0
GP;M;15;U;GT3;T;4;2;1;1;0;0;0;0;0;1;1;1;0;2;2;4;2;4;1;0;11;11;11;0;por;0;0;1;1;1;1;1;0;0;0;0;0;1;0;0;1;0;1;0;1;0;3.0;3.0
GP;M;16;U;LE3;A;3;4;1;2;0;1;1;1;1;1;1;1;0;5;3;3;1;1;5;2;12;12;13;0;por;2;0;1;0;0;1;0;0;1;0;0;1;0;0;1;0;0;1;0;1;1;1.0;3.5
GP;M;16;U;GT3;T;4;4;1;2;0;0;1;1;1;1;1;1;1;4;4;5;5;5;5;4;12;11;12;0;por;4;0;1;1;1;1;0;0;0;1;0;0;0;1;1;0;0;1;0;1;0;5.0;4.0
GP;M;15;U;GT3;T;4;4;1;2;0;0;1;1;0;0;1;1;0;5;4;2;3;4;5;0;10;11;11;0;por;0;0;1;1;1;1;1;0;0;0;0;0;1;0;1;0;0;1;0;1;1;3.5;4.0
GP;M;15;U;GT3;T;4;4;2;2;0;0;1;0;1;1;1;1;0;4;3;1;1;1;5;2;15;15;15;0;por;2;0;1;1;1;1;0;0;1;0;0;0;1;0;0;0;1;1;0;1;0;1.0;4.0
GP;M;15;R;GT3;T;4;3;1;2;0;0;1;0;1;1;1;1;1;4;5;2;1;1;5;0;13;14;15;0;por;0;0;0;1;1;1;0;0;0;1;0;0;0;0;0;0;0;1;0;1;2;1.0;3.5
GP;M;15;U;LE3;T;3;3;1;2;0;0;0;0;1;0;1;1;0;5;3;2;1;1;2;0;13;12;12;0;por;0;0;1;0;1;1;0;1;0;0;0;1;0;0;0;0;0;1;0;1;-1;1.0;3.0
GP;M;16;U;GT3;T;3;2;1;1;0;0;1;0;0;0;1;1;0;5;4;3;1;1;5;4;12;12;12;0;por;4;0;1;1;1;1;0;1;0;0;0;1;0;0;1;0;0;1;0;1;0;1.0;2.5
GP;F;15;U;GT3;T;2;3;2;1;0;0;1;0;1;1;1;0;0;3;5;1;1;1;5;4;11;11;11;0;por;4;1;1;1;1;1;0;1;0;0;0;1;0;0;0;1;0;0;0;1;0;1.0;2.5
GP;M;15;U;LE3;T;4;3;1;3;0;0;1;0;1;1;1;1;0;5;4;3;1;1;4;0;14;14;14;0;por;0;0;1;0;1;1;0;0;0;1;0;0;1;0;1;0;0;1;0;1;0;1.0;3.5
GP;M;16;R;GT3;A;4;4;2;3;0;0;1;0;1;1;1;1;1;2;4;3;1;1;5;4;13;13;13;0;por;4;0;0;1;0;1;0;1;0;0;0;0;0;1;0;0;1;1;0;1;0;1.0;4.0
GP;F;15;R;GT3;T;3;4;1;3;0;1;1;0;1;1;1;1;0;4;3;2;1;1;5;2;11;12;12;0;por;2;1;0;1;1;1;0;0;1;0;1;0;0;0;0;0;0;1;0;1;1;1.0;3.5
GP;F;15;R;GT3;T;2;2;1;1;0;1;1;0;1;1;1;0;0;4;3;1;1;1;2;8;14;13;12;0;por;8;1;0;1;1;1;0;0;0;0;0;1;0;0;0;0;1;1;0;1;-2;1.0;2.0
GP;F;16;U;LE3;T;2;2;2;2;0;0;1;0;1;0;1;1;1;3;3;3;1;2;3;12;11;11;10;0;por;16;1;1;0;1;1;0;1;0;0;0;1;0;0;1;0;0;1;0;1;-1;1.5;2.0
GP;M;15;U;LE3;T;4;4;1;1;0;0;1;0;0;0;1;1;1;5;4;3;2;4;5;8;10;11;11;0;por;8;0;1;0;1;1;0;0;0;1;0;1;0;0;1;0;0;0;1;1;1;3.0;4.0
GP;M;15;U;GT3;T;4;4;1;2;0;0;1;0;1;1;1;1;0;4;3;3;1;1;5;0;14;15;15;0;por;0;0;1;1;1;1;0;0;1;0;0;0;0;1;0;0;0;0;0;1;1;1.0;4.0
GP;M;15;U;GT3;T;2;2;1;1;0;1;1;0;0;1;1;1;0;5;4;1;1;1;1;0;9;10;10;0;por;0;0;1;1;1;1;0;0;1;0;0;0;1;0;0;0;0;0;0;1;1;1.0;2.0
GP;F;16;U;LE3;T;2;2;2;2;1;1;0;0;1;1;1;1;0;4;3;3;2;2;5;12;10;11;11;0;por;14;1;1;0;1;1;0;1;0;0;0;0;0;0;0;0;0;0;0;1;1;2.0;2.0
GP;F;15;U;LE3;A;4;3;1;2;0;1;1;1;1;1;1;1;1;5;2;2;1;1;5;4;10;11;11;0;por;4;1;1;0;0;1;0;1;0;0;0;1;0;0;0;0;0;1;0;1;1;1.0;3.5
GP;F;16;U;LE3;A;3;3;1;2;0;0;1;0;0;1;1;1;0;2;3;5;1;4;3;6;13;12;13;0;por;6;1;1;0;0;1;0;1;0;0;0;0;1;0;1;0;0;1;0;1;0;2.5;3.0
GP;M;16;U;GT3;T;4;3;1;4;0;0;0;0;1;1;1;1;0;4;2;2;1;1;2;2;17;17;17;0;por;2;0;1;1;1;1;1;0;0;0;0;0;1;0;0;0;1;1;0;1;0;1.0;3.5
GP;M;15;U;GT3;T;4;2;1;2;0;0;1;0;0;1;1;0;0;4;3;3;2;2;5;4;11;12;13;0;por;4;0;1;1;1;1;0;0;0;1;0;1;0;0;1;0;0;1;0;1;2;2.0;3.0
GP;F;15;U;GT3;T;4;4;1;2;0;1;1;0;1;0;1;1;0;4;4;4;1;1;3;2;13;12;12;0;por;2;1;1;1;1;1;0;0;1;0;0;0;0;1;0;1;0;0;0;1;-1;1.0;4.0
GP;F;16;U;LE3;T;2;2;3;2;0;0;1;0;0;1;1;1;0;4;3;3;2;3;4;0;14;13;13;0;por;0;1;1;0;1;1;0;0;1;0;0;0;1;0;0;0;0;1;0;1;-1;2.5;2.0
GP;F;15;U;LE3;T;4;2;1;2;0;0;1;0;0;1;1;1;0;4;3;3;1;1;5;0;16;14;16;0;por;0;1;1;0;1;1;1;0;0;0;0;1;0;0;0;1;0;1;0;1;0;1.0;3.0
GP;M;15;U;LE3;A;4;2;2;1;0;0;0;0;0;1;1;0;0;5;5;5;3;4;5;4;10;9;9;0;por;4;0;1;0;0;1;1;0;0;0;1;0;0;0;0;1;0;0;0;0;-1;3.5;3.0
GP;F;15;U;GT3;T;4;4;1;1;0;1;1;0;0;1;1;1;0;3;3;4;2;3;5;0;13;12;12;0;por;0;1;1;1;1;1;0;0;1;0;0;0;1;0;0;0;0;1;0;1;-1;2.5;4.0
GP;F;15;U;LE3;A;3;3;1;1;0;0;0;0;0;1;1;1;0;5;3;4;4;4;1;0;13;12;13;0;por;0;1;1;0;0;1;0;1;0;0;0;1;0;0;0;1;0;1;0;1;0;4.0;3.0
GP;F;16;U;GT3;A;2;1;1;2;0;0;0;0;1;1;1;1;1;5;3;4;1;1;2;2;12;13;12;0;por;2;1;1;1;0;1;0;1;0;0;0;1;0;0;0;1;0;1;0;1;0;1.0;1.5
GP;F;15;U;GT3;A;4;3;1;2;0;0;1;0;1;1;1;1;0;4;3;2;1;1;1;0;15;14;15;0;por;0;1;1;1;0;1;0;0;1;0;0;0;1;0;0;0;1;1;0;1;0;1.0;3.5
GP;M;15;U;GT3;T;4;4;1;2;0;0;1;0;1;1;1;0;0;3;2;2;1;1;5;8;15;15;16;0;por;8;0;1;1;1;1;0;0;0;1;1;0;0;0;0;0;1;1;0;1;1;1.0;4.0
GP;M;15;U;LE3;T;1;2;1;2;0;1;1;0;1;1;1;1;0;4;3;2;1;1;5;0;14;13;14;0;por;0;0;1;0;1;1;0;1;0;0;0;0;0;0;1;0;0;0;0;1;0;1.0;1.5
GP;F;16;U;GT3;T;4;2;1;2;0;0;1;1;0;1;1;1;0;4;2;3;1;1;5;2;16;15;16;0;por;2;1;1;1;1;1;0;0;1;0;0;1;0;0;0;0;0;1;0;1;0;1.0;3.0
GP;F;16;R;GT3;T;4;4;1;2;0;0;1;0;1;1;1;0;0;2;4;4;2;3;4;0;17;16;16;0;por;0;1;0;1;1;1;1;0;0;0;0;0;0;1;0;1;0;1;0;1;-1;2.5;4.0
GP;F;16;U;GT3;T;1;1;4;1;0;1;1;0;1;0;1;1;1;5;5;5;5;5;5;0;10;10;16;0;por;0;1;1;1;1;1;0;0;1;0;0;0;1;0;0;0;0;0;0;1;6;5.0;1.0
GP;F;16;U;LE3;T;1;2;1;2;0;1;0;0;1;1;1;1;0;4;4;3;1;1;1;0;13;13;10;0;por;0;1;1;0;1;1;0;1;0;0;0;0;1;0;0;0;1;0;0;1;-3;1.0;1.5
GP;F;16;U;GT3;T;4;3;1;3;0;1;1;0;1;1;1;1;0;3;4;4;2;4;4;0;14;13;13;0;por;0;1;1;1;1;1;0;0;0;1;1;0;0;0;1;0;0;1;0;1;-1;3.0;3.5
GP;F;15;U;LE3;T;4;3;1;2;0;1;0;0;1;1;1;1;1;4;4;4;2;4;2;0;13;12;12;0;por;0;1;1;0;1;1;0;0;1;0;0;0;1;0;0;0;1;0;0;1;-1;3.0;3.5
GP;F;16;U;LE3;T;4;3;3;2;0;0;1;0;1;1;1;1;0;5;4;3;1;2;1;2;16;15;16;0;por;2;1;1;0;1;1;0;0;0;1;0;0;1;0;0;0;0;1;0;1;0;1.5;3.5
GP;M;15;U;GT3;A;4;4;1;4;0;0;1;0;1;0;1;1;1;1;3;3;5;5;3;0;11;12;12;0;por;0;0;1;1;0;1;0;1;0;0;0;0;1;0;0;0;1;1;0;1;1;5.0;4.0
GP;F;16;U;GT3;T;3;1;1;4;0;1;1;0;0;1;1;1;0;4;3;3;1;2;5;0;10;9;10;0;por;0;1;1;1;1;1;0;0;1;0;0;1;0;0;0;0;0;1;0;1;0;1.5;2.0
GP;F;15;R;LE3;T;2;2;2;2;0;1;1;0;0;1;1;1;0;4;1;3;1;3;4;0;11;10;11;0;por;0;1;0;0;1;1;1;0;0;0;0;0;1;0;0;0;1;1;0;1;0;2.0;2.0
GP;F;15;R;LE3;T;3;1;2;4;0;0;1;0;0;0;1;1;0;4;4;2;2;3;3;6;15;15;15;0;por;6;1;0;0;1;1;0;1;0;0;0;1;0;0;0;0;1;0;0;1;0;2.5;2.0
GP;M;16;U;GT3;T;3;1;2;4;0;0;1;0;0;1;1;1;0;4;3;2;1;1;5;2;13;11;11;0;por;2;0;1;1;1;1;0;1;0;0;0;1;0;0;0;0;1;0;0;1;-2;1.0;2.0
GP;M;15;U;GT3;T;4;2;1;4;0;0;0;0;0;1;1;1;0;3;3;3;1;1;3;0;11;9;10;0;por;0;0;1;1;1;1;0;1;0;0;0;1;0;0;0;0;0;1;0;1;-1;1.0;3.0
GP;F;15;R;GT3;T;1;1;1;2;0;1;1;0;0;0;1;1;1;3;3;4;2;4;5;2;13;11;11;0;por;2;1;0;1;1;1;0;1;0;0;0;1;0;0;0;0;1;1;0;1;-2;3.0;1.0
GP;M;16;U;GT3;T;3;1;1;1;0;0;0;0;1;1;1;0;0;5;3;2;2;2;5;0;13;13;14;0;por;0;0;1;1;1;1;0;1;0;0;0;1;0;0;0;0;1;1;0;1;1;2.0;2.0
GP;F;16;U;GT3;T;3;3;1;2;0;1;1;0;1;1;1;1;0;4;3;3;2;4;5;4;11;11;11;0;por;4;1;1;1;1;1;0;1;0;0;0;0;1;0;1;0;0;1;0;1;0;3.0;3.0
GP;M;15;U;GT3;T;4;3;1;2;0;0;1;0;1;1;1;1;0;4;3;3;2;3;5;0;11;11;11;0;por;0;0;1;1;1;1;0;0;0;1;0;1;0;0;1;0;0;1;0;1;0;2.5;3.5
GP;M;15;U;GT3;T;4;0;2;4;0;0;0;0;1;1;1;1;0;3;4;3;1;1;1;0;12;11;11;0;por;0;0;1;1;1;1;0;0;0;1;0;1;0;0;0;0;0;1;0;1;-1;1.0;2.0
GP;F;16;U;GT3;T;2;2;1;4;0;0;0;0;0;1;1;1;1;5;2;3;1;3;3;1;13;13;13;0;por;1;1;1;1;1;1;0;1;0;0;0;1;0;0;0;0;1;1;0;1;0;2.0;2.0
GP;M;17;U;GT3;T;2;1;2;1;3;1;1;0;1;1;0;1;0;4;5;1;1;1;3;0;9;9;10;0;por;0;0;1;1;1;1;0;1;0;0;0;1;0;0;1;0;0;1;0;1;1;1.0;1.5
GP;F;16;U;GT3;T;3;4;1;2;0;0;1;0;0;1;1;1;0;2;4;3;1;2;3;12;12;11;11;0;por;14;1;1;1;1;1;0;0;0;0;0;1;0;0;0;0;0;1;0;1;-1;1.5;3.5
GP;M;15;U;GT3;T;2;3;1;1;0;1;1;0;1;0;1;1;1;3;2;2;1;3;3;0;11;11;12;0;por;0;0;1;1;1;1;0;1;0;0;0;0;1;0;0;0;0;0;0;1;1;2.0;2.5
GP;M;15;U;GT3;T;2;3;1;3;0;1;0;0;0;0;1;1;0;5;3;2;1;2;5;2;10;9;9;0;por;2;0;1;1;1;1;0;1;0;0;0;1;0;0;1;0;0;1;0;0;-1;1.5;2.5
GP;F;15;U;LE3;T;3;2;1;2;0;0;1;0;0;1;1;1;0;4;4;4;1;1;5;4;12;11;11;0;por;4;1;1;0;1;1;0;0;1;0;0;1;0;0;0;0;1;1;0;1;-1;1.0;2.5
GP;M;15;U;LE3;T;2;2;2;2;0;0;0;1;1;1;1;1;0;5;3;3;1;3;4;2;13;12;13;0;por;2;0;1;0;1;1;0;0;1;0;0;0;1;0;1;0;0;1;0;1;0;2.0;2.0
GP;F;15;U;GT3;T;1;1;1;2;0;0;1;0;1;0;1;1;0;4;3;2;2;3;4;2;13;12;12;0;por;2;1;1;1;1;1;0;1;0;0;0;1;0;0;1;0;0;0;0;1;-1;2.5;1.0
GP;F;15;U;GT3;T;4;4;2;2;0;0;0;0;0;1;1;1;1;4;4;4;2;3;5;4;12;11;12;0;por;4;1;1;1;1;1;0;0;1;0;0;0;1;0;0;0;1;0;0;1;0;2.5;4.0
GP;F;16;U;LE3;T;2;2;1;2;0;0;1;0;0;1;1;0;0;4;3;4;1;2;2;6;13;11;11;0;por;6;1;1;0;1;1;0;0;0;0;0;1;0;0;0;0;0;1;0;1;-2;1.5;2.0
GP;F;15;U;GT3;T;4;2;1;3;0;0;1;0;1;1;1;1;0;5;3;3;1;3;1;4;15;15;15;0;por;4;1;1;1;1;1;0;1;0;0;0;1;0;0;0;0;1;1;0;1;0;2.0;3.0
GP;M;16;U;GT3;T;2;2;2;2;0;0;0;0;1;0;1;1;0;4;4;2;1;1;3;6;12;10;11;0;por;6;0;1;1;1;1;0;0;1;0;0;1;0;0;0;0;1;0;0;1;-1;1.0;2.0
GP;M;16;U;LE3;A;4;4;1;2;0;0;1;0;0;1;1;0;0;4;1;3;3;5;5;6;9;9;10;0;por;6;0;1;0;0;1;0;0;0;1;1;0;0;0;0;0;1;1;0;1;1;4.0;4.0
GP;F;16;U;GT3;T;3;3;1;3;0;0;1;0;0;1;1;1;1;4;3;3;1;3;4;2;9;11;11;0;por;2;1;1;1;1;1;0;1;0;0;0;1;0;0;1;0;0;1;0;1;2;2.0;3.0
GP;F;15;U;GT3;T;4;3;1;1;0;0;0;0;1;1;1;1;0;4;5;5;1;3;1;6;14;13;13;0;por;6;1;1;1;1;1;0;0;1;0;0;1;0;0;0;0;1;1;0;1;-1;2.0;3.5
GP;F;16;U;LE3;T;3;1;1;2;0;1;1;0;0;1;1;0;0;3;3;3;2;3;2;0;12;13;12;0;por;0;1;1;0;1;1;0;1;0;0;0;1;0;0;1;0;0;0;0;1;0;2.5;2.0
GP;F;16;U;GT3;T;4;2;2;2;0;0;1;0;1;1;1;1;0;5;3;3;1;1;1;2;13;14;14;0;por;2;1;1;1;1;1;0;0;0;1;0;0;1;0;1;0;0;1;0;1;1;1.0;3.0
GP;M;15;U;LE3;T;2;2;1;4;0;0;1;0;1;1;1;1;0;4;3;4;1;1;4;2;11;12;12;0;por;2;0;1;0;1;1;0;0;1;0;1;0;0;0;0;0;1;1;0;1;1;1.0;2.0
GP;F;15;R;GT3;T;1;1;2;4;0;1;1;1;1;1;1;1;0;3;1;2;1;1;1;4;13;13;13;0;por;4;1;0;1;1;1;0;0;0;0;0;1;0;0;1;0;0;1;0;1;0;1.0;1.0
GP;M;16;R;GT3;T;4;3;2;1;0;1;1;1;1;0;1;1;0;3;3;3;1;1;4;6;9;11;11;0;por;6;0;0;1;1;1;0;0;1;0;0;1;0;0;0;0;1;1;0;1;2;1.0;3.5
GP;F;16;U;GT3;T;2;1;1;2;0;0;1;0;0;1;1;0;1;4;3;5;1;1;5;0;13;12;12;0;por;0;1;1;1;1;1;0;1;0;0;0;1;0;0;0;0;0;1;0;1;-1;1.0;1.5
GP;F;16;U;GT3;T;4;4;1;1;0;0;0;0;1;0;1;1;0;5;3;4;1;2;1;4;12;13;13;0;por;4;1;1;1;1;1;0;1;0;0;0;1;0;0;0;0;1;1;0;1;1;1.5;4.0
GP;F;16;U;GT3;T;4;3;1;3;0;1;1;0;0;1;1;1;0;5;3;5;1;1;3;2;12;13;13;0;por;2;1;1;1;1;1;0;1;0;0;0;0;0;0;0;0;0;1;0;1;1;1.0;3.5
GP;M;16;U;GT3;T;4;4;1;1;0;1;1;0;1;1;1;1;0;4;5;5;5;5;4;12;9;9;8;0;por;12;0;1;1;1;1;0;0;1;0;0;0;1;0;0;1;0;1;0;0;-1;5.0;4.0
GP;M;16;U;GT3;T;4;4;1;3;0;0;1;0;1;1;1;1;1;4;4;3;1;1;4;0;16;16;16;0;por;0;0;1;1;1;1;0;0;1;0;0;0;0;1;0;1;0;0;0;1;0;1.0;4.0
GP;M;15;U;GT3;T;4;4;1;1;0;0;1;1;1;0;1;1;0;5;3;3;1;1;5;2;12;13;12;0;por;2;0;1;1;1;1;0;0;1;0;0;1;0;0;0;0;0;1;0;1;0;1.0;4.0
GP;F;15;U;GT3;T;3;2;2;2;0;1;1;0;0;1;1;1;0;4;3;5;1;1;2;12;11;10;10;0;por;16;1;1;1;1;1;0;0;1;0;0;1;0;0;1;0;0;1;0;1;-1;1.0;2.5
GP;M;15;U;GT3;A;3;4;1;2;0;0;1;0;1;1;1;1;0;5;4;4;1;1;1;0;16;16;16;0;por;0;0;1;1;0;1;0;0;1;0;0;1;0;0;0;0;0;1;0;1;0;1.0;3.5
GP;F;15;U;GT3;A;3;3;1;4;0;1;0;0;0;1;1;0;0;4;3;3;1;1;4;10;10;10;10;0;por;10;1;1;1;0;1;0;1;0;0;1;0;0;0;0;0;1;0;0;1;0;1.0;3.0
GP;F;15;U;GT3;T;2;2;1;4;0;1;1;0;0;1;1;1;0;5;1;2;1;1;3;4;10;10;10;0;por;4;1;1;1;1;1;0;1;0;0;0;1;0;0;0;0;0;1;0;1;0;1.0;2.0
GP;M;16;U;GT3;T;3;3;1;3;0;0;1;0;1;1;1;1;0;5;3;3;1;1;5;4;13;14;14;0;por;4;0;1;1;1;1;0;0;1;0;0;1;0;0;1;0;0;0;0;1;1;1.0;3.0
GP;M;15;R;GT3;T;4;4;4;4;0;0;1;0;1;1;1;1;1;1;3;5;3;5;1;8;12;10;11;0;por;8;0;0;1;1;1;0;1;0;0;0;1;0;0;1;0;0;0;0;1;-1;4.0;4.0
GP;F;16;U;LE3;T;4;4;1;3;0;0;1;0;1;1;1;1;1;5;4;5;1;1;4;2;15;15;14;0;por;2;1;1;0;1;1;1;0;0;0;1;0;0;0;0;1;0;1;0;1;-1;1.0;4.0
GP;M;15;U;LE3;A;4;4;1;1;0;0;0;0;1;1;1;1;0;5;5;3;1;1;4;4;13;14;14;0;por;4;0;1;0;0;1;0;0;0;1;0;0;0;1;0;0;0;1;0;1;1;1.0;4.0
GP;F;16;R;GT3;T;3;3;1;3;0;1;1;0;1;1;1;1;0;4;1;2;1;1;2;4;11;11;11;0;por;4;1;0;1;1;1;0;0;1;0;0;1;0;0;0;0;1;0;0;1;0;1.0;3.0
GP;F;16;U;GT3;T;2;2;1;2;1;1;0;0;1;1;1;1;0;3;1;2;1;1;5;12;8;10;10;0;por;12;1;1;1;1;1;0;0;0;0;0;1;0;0;1;0;0;1;0;1;2;1.0;2.0
GP;M;15;U;LE3;T;4;2;1;1;0;0;0;0;0;1;1;1;0;3;5;2;1;1;3;10;18;17;18;0;por;10;0;1;0;1;1;0;0;0;1;0;1;0;0;0;0;0;1;0;1;0;1.0;3.0
GP;M;15;R;GT3;T;2;1;1;2;0;0;0;0;1;1;1;1;1;5;4;2;1;1;5;4;10;9;10;0;por;4;0;0;1;1;1;1;0;0;0;0;0;1;0;0;0;1;1;0;1;0;1.0;1.5
GP;M;16;U;GT3;T;4;4;1;2;0;0;1;0;1;1;1;1;0;5;4;4;1;2;5;6;16;14;14;0;por;6;0;1;1;1;1;0;0;0;1;0;0;0;1;0;0;0;0;0;1;-2;1.5;4.0
GP;M;15;U;GT3;T;4;4;2;2;0;0;1;0;1;1;1;0;0;4;4;3;1;1;2;4;16;15;16;0;por;4;0;1;1;1;1;0;1;0;0;0;0;0;1;0;0;1;0;0;1;0;1.0;4.0
GP;M;16;U;GT3;T;3;3;2;1;0;0;0;0;1;1;1;1;0;5;4;2;1;1;5;6;14;14;15;0;por;6;0;1;1;1;1;0;1;0;0;0;0;1;0;1;0;0;0;0;1;1;1.0;3.0
GP;M;17;R;GT3;T;1;3;3;2;1;0;1;0;1;1;1;1;0;5;2;4;1;4;5;12;12;11;11;0;por;14;0;0;1;1;1;0;1;0;0;0;1;0;0;0;0;0;0;0;1;-1;2.5;2.0
GP;M;15;U;GT3;T;3;4;1;1;0;0;0;0;0;1;1;1;0;3;4;3;1;2;4;2;14;13;14;0;por;2;0;1;1;1;1;0;1;0;0;0;1;0;0;0;0;1;0;0;1;0;1.5;3.5
GP;F;15;U;GT3;T;1;2;1;2;0;0;0;0;0;0;1;1;0;3;2;3;1;2;1;0;14;14;14;0;por;0;1;1;1;1;1;0;0;0;0;0;0;1;0;0;0;0;1;0;1;0;1.5;1.5
GP;M;15;U;GT3;T;2;2;1;4;0;0;1;0;1;1;1;1;0;5;5;4;1;2;5;6;14;13;13;0;por;6;0;1;1;1;1;0;0;1;0;0;0;1;0;1;0;0;0;0;1;-1;1.5;2.0
GP;F;16;U;LE3;T;2;4;2;2;0;0;1;0;1;1;1;1;1;4;2;2;1;2;5;2;14;12;13;0;por;2;1;1;0;1;1;0;1;0;0;1;0;0;0;0;0;0;0;0;1;-1;1.5;3.0
GP;M;16;U;GT3;T;4;4;1;1;0;0;1;0;1;1;1;1;0;3;4;4;1;4;5;4;12;13;13;0;por;4;0;1;1;1;1;1;0;0;0;0;1;0;0;0;0;0;1;0;1;1;2.5;4.0
GP;F;16;U;GT3;T;2;2;1;2;0;0;0;0;0;1;1;1;1;5;4;4;1;1;5;0;12;11;11;0;por;0;1;1;1;1;1;0;1;0;0;0;1;0;0;1;0;0;1;0;1;-1;1.0;2.0
GP;M;15;U;GT3;T;3;4;1;1;0;1;0;0;0;1;1;1;0;5;5;5;3;2;5;2;9;9;9;0;por;2;0;1;1;1;1;0;0;1;0;0;0;1;0;1;0;0;0;0;0;0;2.5;3.5
GP;F;15;U;LE3;A;3;4;1;2;0;1;0;0;1;1;1;1;1;5;3;2;1;1;1;0;10;11;11;0;por;0;1;1;0;0;1;0;1;0;0;0;1;0;0;1;0;0;1;0;1;1;1.0;3.5
GP;F;19;U;GT3;T;0;1;1;2;2;0;1;0;0;0;0;0;0;3;4;2;1;1;5;0;9;10;11;0;por;0;1;1;1;1;1;0;0;0;0;0;1;0;0;0;0;0;0;1;1;2;1.0;0.5
GP;M;16;R;GT3;T;4;4;1;1;0;0;0;0;1;1;1;1;0;3;5;5;2;5;4;8;14;14;15;0;por;8;0;0;1;1;1;0;0;0;1;0;0;0;1;0;0;0;1;0;1;1;3.5;4.0
GP;M;16;U;GT3;T;2;3;2;3;0;0;1;0;0;0;1;1;1;3;2;3;2;2;1;4;13;12;13;0;por;4;0;1;1;1;1;0;1;0;0;0;1;0;0;0;0;0;1;0;1;0;2.0;2.5
GP;F;15;R;GT3;T;3;4;2;3;0;0;1;0;0;1;1;1;1;4;2;2;2;2;5;0;10;11;12;0;por;0;1;0;1;1;1;0;0;1;0;0;0;0;1;0;0;0;0;0;1;2;2.0;3.5
GP;F;18;U;GT3;T;2;1;1;2;3;0;1;0;1;1;0;1;1;5;4;5;1;3;5;10;10;9;8;0;por;10;1;1;1;1;1;0;0;1;0;0;1;0;0;0;0;1;1;0;0;-2;2.0;1.5
GP;F;17;U;LE3;A;2;1;3;1;0;0;1;0;0;1;1;1;0;3;2;2;1;2;5;8;11;10;11;0;por;8;1;1;0;0;1;0;1;0;0;0;1;0;0;0;0;0;1;0;1;0;1.5;1.5
GP;F;15;U;GT3;T;1;1;3;1;0;0;1;0;1;0;1;1;1;4;3;3;1;2;4;6;11;12;13;0;por;6;1;1;1;1;1;0;0;0;0;0;1;0;0;0;0;0;1;0;1;2;1.5;1.0
GP;F;17;U;LE3;T;2;2;1;1;0;0;1;0;0;1;1;1;1;3;4;4;1;3;5;2;13;12;12;0;por;2;1;1;0;1;1;0;1;0;0;0;1;0;0;0;0;0;0;0;1;-1;2.0;2.0
GP;F;16;U;GT3;A;3;4;1;1;0;0;0;0;0;1;1;1;0;3;2;1;1;4;5;12;15;13;14;0;por;12;1;1;1;0;1;0;0;1;0;0;1;0;0;0;0;0;0;0;1;-1;2.5;3.5
GP;M;16;U;GT3;T;2;1;4;1;0;0;0;0;0;1;1;0;0;3;2;1;1;1;2;4;9;9;11;0;por;4;0;1;1;1;1;0;0;0;0;0;1;0;0;0;0;0;1;0;1;2;1.0;1.5
GP;F;16;U;GT3;A;2;2;1;1;1;0;0;0;0;1;1;0;0;5;3;4;1;1;5;12;13;11;11;0;por;12;1;1;1;0;1;0;1;0;0;0;1;0;0;1;0;0;1;0;1;-2;1.0;2.0
GP;M;15;R;GT3;T;3;4;4;2;0;0;1;0;0;1;1;0;1;5;3;3;1;1;5;2;12;11;11;0;por;2;0;0;1;1;1;0;0;0;0;0;0;0;1;0;0;0;1;0;1;-1;1.0;3.5
GP;F;15;U;GT3;T;4;4;1;3;0;0;1;0;1;1;1;1;1;4;3;3;1;1;5;4;13;14;15;0;por;4;1;1;1;1;1;0;0;1;0;0;0;0;0;0;0;0;1;0;1;2;1.0;4.0
GP;M;17;R;GT3;T;3;4;3;2;0;0;0;0;0;1;1;0;0;5;4;5;2;4;5;2;10;9;10;0;por;2;0;0;1;1;1;0;0;0;0;0;1;0;0;0;0;0;1;0;1;0;3.0;3.5
GP;F;16;R;GT3;T;1;1;4;2;0;0;1;0;0;1;1;0;0;5;1;3;1;1;3;0;14;13;13;0;por;0;1;0;1;1;1;0;0;0;0;0;1;0;0;0;0;0;1;0;1;-1;1.0;1.0
GP;M;18;U;LE3;T;3;1;2;1;0;0;0;0;1;1;1;1;1;3;3;4;4;5;4;2;11;11;12;0;por;2;0;1;0;1;1;0;0;1;0;0;0;1;0;0;0;0;1;0;1;1;4.5;2.0
GP;F;18;U;GT3;A;3;2;1;3;0;0;1;0;1;0;1;1;1;4;3;3;5;1;5;10;12;11;11;0;por;10;1;1;1;0;1;0;1;0;0;0;0;1;0;0;0;0;0;1;1;-1;3.0;2.5
GP;F;16;R;GT3;T;1;1;2;1;0;0;1;0;1;1;1;0;1;3;3;3;1;2;1;8;12;11;11;0;por;8;1;0;1;1;1;0;1;0;0;0;0;1;0;0;0;1;1;0;1;-1;1.5;1.0
GP;F;16;U;GT3;A;3;3;2;1;0;0;1;0;1;0;1;1;1;4;3;2;1;1;5;4;9;9;10;0;por;4;1;1;1;0;1;0;1;0;0;0;1;0;0;0;0;0;0;1;1;1;1.0;3.0
GP;M;16;U;LE3;T;1;1;1;2;2;0;0;0;0;1;1;0;1;4;4;4;1;3;5;0;10;10;10;0;por;0;0;1;0;1;1;0;0;1;0;0;1;0;0;0;0;0;1;0;1;0;2.0;1.0
GP;F;15;U;GT3;T;4;4;2;1;0;0;0;0;1;1;1;1;0;4;3;2;1;1;5;6;13;14;14;0;por;6;1;1;1;1;1;0;0;0;1;0;0;0;1;0;0;0;1;0;1;1;1.0;4.0
GP;F;15;R;GT3;T;1;1;3;1;1;0;0;0;1;1;1;1;1;5;5;5;1;1;1;2;8;9;9;0;por;2;1;0;1;1;1;0;1;0;0;0;1;0;0;0;0;0;1;0;0;1;1.0;1.0
GP;M;15;U;GT3;T;4;3;2;4;0;1;1;0;0;1;1;1;0;2;2;2;1;1;3;6;9;11;11;0;por;6;0;1;1;1;1;0;0;0;1;0;0;1;0;0;0;0;0;0;1;2;1.0;3.5
GP;F;15;U;GT3;A;3;3;1;2;0;0;0;0;0;0;1;0;1;1;3;2;2;3;1;12;9;8;9;0;por;24;1;1;1;0;1;0;0;1;0;0;0;1;0;1;0;0;1;0;0;0;2.5;3.0
GP;M;16;U;GT3;T;4;4;1;3;0;0;1;0;1;1;1;1;0;5;3;3;1;3;5;0;15;13;13;0;por;0;0;1;1;1;1;0;0;1;0;0;0;1;0;0;0;0;1;0;1;-2;2.0;4.0
GP;M;16;U;LE3;T;2;2;2;1;0;0;1;0;1;1;1;1;0;2;3;3;2;2;2;4;12;11;11;0;por;4;0;1;0;1;1;0;0;1;0;0;0;1;0;0;0;1;0;0;1;-1;2.0;2.0
GP;F;15;U;GT3;T;4;4;1;3;0;0;1;0;1;1;1;1;0;4;2;2;1;1;5;2;13;13;13;0;por;2;1;1;1;1;1;0;0;0;1;0;0;1;0;0;0;0;1;0;1;0;1.0;4.0
GP;F;16;U;LE3;T;1;1;1;1;0;0;0;0;0;1;1;1;0;3;4;4;3;3;1;4;10;11;11;0;por;4;1;1;0;1;1;0;0;0;0;0;0;0;0;0;0;0;1;0;1;1;3.0;1.0
GP;M;17;U;GT3;T;2;1;1;1;0;0;1;0;0;1;1;1;0;5;4;5;1;2;5;12;9;7;6;0;por;22;0;1;1;1;1;0;1;0;0;0;1;0;0;1;0;0;1;0;0;-3;1.5;1.5
GP;F;15;U;GT3;T;1;1;1;2;0;0;1;0;0;1;1;1;0;4;4;2;1;2;5;0;12;12;12;0;por;0;1;1;1;1;1;0;1;0;0;0;0;1;0;0;0;0;0;0;1;0;1.5;1.0
GP;F;15;U;LE3;A;2;1;2;1;0;0;1;0;1;1;0;1;1;4;4;2;1;1;5;0;11;10;10;0;por;0;1;1;0;0;1;0;0;0;0;0;1;0;0;1;0;0;1;0;1;-1;1.0;1.5
GP;F;15;U;GT3;T;3;2;1;2;1;0;1;0;0;1;1;1;0;3;3;2;1;1;3;2;11;11;11;0;por;2;1;1;1;1;1;1;0;0;0;0;0;1;0;1;0;0;0;0;1;0;1.0;2.5
GP;F;15;U;GT3;T;1;2;1;2;0;0;1;0;0;0;1;1;0;4;3;2;1;1;5;6;13;12;13;0;por;6;1;1;1;1;1;0;0;0;0;0;1;0;0;0;0;0;1;0;1;0;1.0;1.5
GP;F;15;U;GT3;T;1;2;1;2;0;0;0;0;0;0;1;0;1;2;3;4;2;4;1;6;11;11;11;0;por;6;1;1;1;1;1;0;0;0;0;0;0;1;0;0;0;0;0;0;1;0;3.0;1.5
GP;M;16;U;GT3;T;4;4;1;1;0;0;1;0;0;1;0;1;1;3;3;2;2;1;5;12;9;9;8;0;por;16;0;1;1;1;1;0;0;0;1;0;0;0;1;0;0;0;1;0;0;-1;1.5;4.0
GP;M;15;U;LE3;A;2;1;4;1;0;0;0;0;0;1;1;1;0;4;5;5;2;5;5;0;12;11;11;0;por;0;0;1;0;0;1;0;0;1;0;0;1;0;0;0;0;0;1;0;1;-1;3.5;1.5
GP;M;18;U;LE3;T;1;1;1;1;2;0;0;0;0;1;0;1;1;2;3;5;2;5;4;0;11;9;0;0;por;0;0;1;0;1;1;0;1;0;0;0;1;0;0;0;0;0;1;0;0;-11;3.5;1.0
GP;M;16;U;LE3;T;2;1;1;1;1;0;0;0;1;1;1;0;1;4;4;4;3;5;5;6;9;10;10;0;por;6;0;1;0;1;1;0;0;0;0;0;1;0;0;0;0;0;1;0;1;1;4.0;1.5
GP;F;15;R;GT3;T;3;3;2;3;0;0;1;1;1;1;1;1;1;4;2;1;2;3;3;2;13;13;13;0;por;2;1;0;1;1;1;0;0;1;0;0;0;1;0;0;0;1;0;1;1;0;2.5;3.0
GP;M;19;U;GT3;T;3;2;1;1;0;0;1;0;0;1;0;1;1;4;5;4;1;1;4;6;11;9;11;0;por;6;0;1;1;1;1;0;0;1;0;0;0;0;0;1;0;0;1;0;1;0;1.0;2.5
GP;F;17;U;GT3;T;4;4;1;1;0;1;1;0;0;1;1;0;1;4;2;1;1;1;4;0;13;13;13;0;por;0;1;1;1;1;1;0;1;0;0;0;0;0;1;0;0;0;1;0;1;0;1.0;4.0
GP;M;15;R;GT3;T;2;3;1;2;0;1;0;1;1;1;1;0;0;4;4;4;1;1;1;0;7;8;8;0;por;0;0;0;1;1;1;0;0;0;0;0;0;1;0;0;0;0;1;0;0;1;1.0;2.5
GP;M;17;R;LE3;T;1;2;1;1;3;0;0;0;0;1;1;0;0;2;2;2;3;3;5;12;9;8;10;0;por;14;0;0;0;1;1;0;1;0;0;0;1;0;0;0;0;1;1;0;1;1;3.0;1.5
GP;F;18;R;GT3;T;1;1;3;1;3;0;1;0;1;0;1;0;0;5;2;5;1;5;4;6;11;10;11;0;por;6;1;0;1;1;1;0;0;0;0;0;1;0;0;0;0;0;1;0;1;0;3.0;1.0
GP;M;16;R;GT3;T;2;2;3;1;0;0;0;0;0;0;1;0;0;4;2;2;1;2;3;4;12;10;11;0;por;4;0;0;1;1;1;0;0;0;0;0;1;0;0;0;0;0;1;0;1;-1;1.5;2.0
GP;M;16;U;GT3;T;3;3;1;2;1;0;1;0;0;1;1;1;1;4;5;5;4;4;5;0;10;10;1;0;por;0;0;1;1;1;1;0;1;0;0;0;0;1;0;0;0;0;0;0;0;-9;4.0;3.0
GP;M;16;U;LE3;T;1;2;2;1;2;0;0;0;0;0;1;1;0;4;4;5;3;5;5;0;9;8;10;0;por;0;0;1;0;1;1;1;0;0;0;0;0;1;0;0;0;0;1;0;1;1;4.0;1.5
GP;M;17;R;LE3;T;2;1;2;1;1;0;0;1;1;1;0;1;1;3;3;2;2;2;5;8;8;8;9;0;por;8;0;0;0;1;1;0;0;0;0;0;1;0;0;0;0;0;1;0;0;1;2.0;1.5
GP;M;17;R;GT3;T;3;2;2;2;2;1;1;0;0;1;1;1;1;4;4;4;1;4;3;4;7;6;8;0;por;4;0;0;1;1;1;0;1;0;0;0;1;0;0;0;0;0;1;0;0;1;2.5;2.5
GP;M;15;U;LE3;T;1;2;2;1;0;0;0;0;1;1;1;0;0;4;4;4;2;4;5;2;8;9;10;0;por;2;0;1;0;1;1;0;1;0;0;0;1;0;0;0;0;0;1;0;1;2;3.0;1.5
GP;M;16;U;GT3;T;1;3;1;1;1;0;0;0;0;1;0;1;0;5;3;3;1;4;2;2;9;8;8;0;por;2;0;1;1;1;1;0;0;0;0;0;0;1;0;0;0;0;0;0;0;-1;2.5;2.0
GP;M;17;R;LE3;T;1;1;4;2;0;0;0;0;1;1;0;0;1;5;3;5;1;5;5;0;8;8;8;0;por;0;0;0;0;1;1;0;1;0;0;0;0;1;0;0;0;0;1;0;0;0;3.0;1.0
GP;M;17;U;GT3;T;3;2;2;1;3;0;1;0;1;0;0;0;0;4;5;2;1;1;2;10;8;7;8;0;por;10;0;1;1;1;1;0;0;1;0;0;0;1;0;0;0;0;1;0;0;0;1.0;2.5
GP;M;16;U;GT3;T;2;2;1;2;0;0;0;0;0;1;0;1;0;4;3;5;2;4;4;0;9;10;11;0;por;0;0;1;1;1;1;0;1;0;0;0;1;0;0;0;0;0;0;0;1;2;3.0;2.0
GP;F;16;U;GT3;T;4;2;1;2;0;0;0;0;0;1;1;1;1;4;2;3;1;1;3;0;17;17;18;0;por;0;1;1;1;1;1;1;0;0;0;0;0;1;0;1;0;0;0;0;1;1;1.0;3.0
GP;F;16;U;GT3;T;2;2;1;2;0;0;1;0;0;0;1;1;0;5;1;5;1;1;4;0;12;12;13;0;por;0;1;1;1;1;1;0;1;0;0;0;1;0;0;1;0;0;1;0;1;1;1.0;2.0
GP;F;16;U;GT3;T;4;4;1;2;0;0;1;0;0;1;1;1;1;4;4;2;1;1;3;0;16;16;17;0;por;0;1;1;1;1;1;1;0;0;0;1;0;0;0;0;0;1;1;0;1;1;1.0;4.0
GP;M;16;U;GT3;T;3;4;3;1;1;0;1;0;1;0;1;1;0;3;4;5;2;4;2;4;9;9;10;0;por;4;0;1;1;1;1;0;1;0;0;0;1;0;0;0;0;0;0;0;1;1;3.0;3.5
GP;M;16;U;GT3;T;1;0;2;2;0;0;1;0;1;1;1;1;1;4;3;2;1;1;3;0;16;17;18;0;por;0;0;1;1;1;1;0;1;0;0;0;1;0;0;0;0;1;1;0;1;2;1.0;0.5
GP;M;17;U;LE3;T;4;4;1;2;0;0;1;0;1;1;1;1;0;4;4;4;1;3;5;0;11;9;10;0;por;0;0;1;0;1;1;0;0;0;1;0;1;0;0;0;0;1;1;0;1;-1;2.0;4.0
GP;F;16;U;GT3;T;1;3;1;2;0;0;0;0;1;0;1;1;1;4;3;5;1;1;3;0;14;13;13;0;por;0;1;1;1;1;1;0;0;0;0;0;0;1;0;1;0;0;1;0;1;-1;1.0;2.0
GP;F;16;U;LE3;T;3;3;2;2;0;0;1;0;1;1;1;1;0;4;4;5;1;1;4;0;14;14;15;0;por;0;1;1;0;1;1;0;1;0;0;0;1;0;0;0;0;1;1;0;1;1;1.0;3.0
GP;M;17;U;LE3;T;4;3;2;2;0;0;0;0;1;1;1;1;0;4;4;4;4;4;4;0;10;11;11;0;por;0;0;1;0;1;1;0;0;0;1;0;1;0;0;0;0;0;1;0;1;1;4.0;3.5
GP;F;16;U;GT3;T;2;2;2;2;0;0;0;0;1;0;1;1;0;3;4;4;1;4;5;0;13;12;14;0;por;0;1;1;1;1;1;0;0;1;0;0;1;0;0;0;0;1;1;0;1;1;2.5;2.0
GP;M;17;U;GT3;T;3;3;1;2;0;0;0;0;1;0;1;1;0;4;3;4;1;4;4;4;11;9;10;0;por;4;0;1;1;1;1;0;1;0;0;0;1;0;0;0;0;1;0;0;1;-1;2.5;3.0
GP;M;16;R;GT3;T;4;2;1;1;0;0;1;0;1;1;1;1;1;4;3;3;3;4;3;8;10;9;11;0;por;8;0;0;1;1;1;0;0;0;1;0;0;1;0;0;1;0;1;0;1;1;3.5;3.0
GP;M;17;U;GT3;T;4;3;1;2;0;0;1;1;1;1;1;1;1;5;2;3;1;1;2;4;11;11;13;0;por;4;0;1;1;1;1;0;1;0;0;0;1;0;0;0;0;0;1;0;1;2;1.0;3.5
GP;M;16;U;GT3;T;4;3;1;2;0;0;1;1;1;1;1;1;0;3;4;3;2;3;3;4;11;10;11;0;por;4;0;1;1;1;1;0;0;0;1;0;1;0;0;1;0;0;1;0;1;0;2.5;3.5
GP;M;16;U;GT3;T;3;3;1;2;0;0;0;0;1;1;1;1;1;4;2;3;1;2;3;0;11;12;13;0;por;0;0;1;1;1;1;0;0;1;0;0;1;0;0;1;0;0;1;0;1;2;1.5;3.0
GP;F;17;U;GT3;T;2;4;1;2;0;0;1;0;1;1;1;0;0;5;4;2;2;3;5;0;17;18;17;0;por;0;1;1;1;1;1;0;0;1;0;0;0;1;0;0;0;1;0;0;1;0;2.5;3.0
GP;F;17;U;LE3;T;3;3;1;2;0;0;1;0;1;1;1;1;1;5;3;3;2;3;1;12;14;13;14;0;por;32;1;1;0;1;1;0;1;0;0;0;1;0;0;0;0;1;1;0;1;0;2.5;3.0
GP;F;16;U;GT3;T;3;2;1;2;0;0;1;0;0;1;1;1;0;1;2;2;1;2;1;8;14;15;16;0;por;8;1;1;1;1;1;0;1;0;0;0;1;0;0;0;0;1;1;0;1;2;1.5;2.5
GP;M;17;U;GT3;T;3;3;1;2;0;0;1;0;1;1;1;1;1;4;3;4;2;3;4;6;11;13;14;0;por;6;0;1;1;1;1;0;0;1;0;0;0;1;0;0;1;0;1;0;1;3;2.5;3.0
GP;M;16;U;GT3;T;1;2;1;1;0;0;1;0;1;1;1;1;1;3;3;3;1;2;3;0;10;9;11;0;por;0;0;1;1;1;1;0;0;1;0;0;0;1;0;0;1;0;1;0;1;1;1.5;1.5
GP;M;16;U;LE3;T;2;1;1;2;0;0;0;0;1;1;1;1;1;4;2;3;1;2;5;0;13;14;16;0;por;0;0;1;0;1;1;0;1;0;0;0;1;0;0;0;0;0;1;0;1;3;1.5;1.5
GP;F;17;U;GT3;A;3;3;1;2;0;0;1;0;0;0;1;1;1;3;3;3;1;3;3;10;12;13;14;0;por;10;1;1;1;0;1;1;0;0;0;0;1;0;0;0;0;1;1;0;1;2;2.0;3.0
GP;M;17;R;GT3;T;1;2;1;2;0;0;0;0;0;1;1;0;0;3;1;3;1;5;3;6;9;9;10;0;por;6;0;0;1;1;1;0;0;0;0;0;1;0;0;1;0;0;1;0;1;1;3.0;1.5
GP;F;16;U;GT3;T;2;3;1;2;0;0;0;0;0;1;1;1;0;4;3;3;1;1;2;6;12;12;13;0;por;6;1;1;1;1;1;0;0;1;0;0;0;1;0;0;0;0;1;0;1;1;1.0;2.5
GP;F;17;U;GT3;T;1;1;1;2;0;0;0;0;1;1;1;1;0;5;3;3;1;1;3;0;12;11;12;0;por;0;1;1;1;1;1;0;0;0;0;0;0;1;0;0;0;0;1;0;1;0;1.0;1.0
GP;M;17;U;GT3;T;1;2;2;2;0;0;0;0;1;0;1;1;0;4;4;4;4;5;5;12;10;11;12;0;por;16;0;1;1;1;1;0;0;0;0;0;0;1;0;0;1;0;0;1;1;2;4.5;1.5
GP;M;16;R;GT3;T;3;3;1;1;0;0;1;0;1;1;1;1;0;4;3;2;3;4;5;0;11;10;10;0;por;0;0;0;1;1;1;0;0;1;0;0;0;1;0;0;0;1;1;0;1;-1;3.5;3.0
GP;M;16;U;GT3;T;2;3;2;1;0;0;0;0;0;1;1;1;0;5;3;3;1;1;3;0;13;12;12;0;por;0;0;1;1;1;1;0;1;0;0;0;1;0;0;1;0;0;0;0;1;-1;1.0;2.5
GP;F;17;U;LE3;T;2;4;1;2;0;0;0;0;1;1;1;1;1;4;3;2;1;1;5;8;14;15;16;0;por;8;1;1;0;1;1;0;0;1;0;0;0;1;0;0;0;0;0;0;1;2;1.0;3.0
GP;M;17;U;GT3;T;4;4;1;1;0;0;0;0;0;1;1;1;0;5;2;3;1;2;5;4;13;13;14;0;por;4;0;1;1;1;1;0;0;1;0;0;0;0;1;1;0;0;1;0;1;1;1.5;4.0
GP;M;16;R;LE3;T;3;3;3;1;0;0;1;0;1;1;1;1;0;3;3;4;3;5;3;12;10;11;12;0;por;16;0;0;0;1;1;0;0;0;1;0;1;0;0;1;0;0;0;0;1;2;4.0;3.0
GP;F;17;U;GT3;T;4;4;2;1;1;0;1;0;0;1;1;1;0;4;2;4;2;3;2;12;14;15;16;0;por;30;1;1;1;1;1;0;0;1;0;0;0;0;1;1;0;0;1;0;1;2;2.5;4.0
GP;F;16;U;LE3;T;4;4;1;2;0;0;1;0;0;1;1;1;0;4;5;2;1;2;3;0;11;10;11;0;por;0;1;1;0;1;1;0;0;0;1;0;0;0;1;0;0;1;1;0;1;0;1.5;4.0
GP;F;16;U;GT3;T;4;3;1;2;0;0;1;0;1;1;1;1;0;4;3;5;1;5;2;2;14;14;15;0;por;2;1;1;1;1;1;1;0;0;0;0;1;0;0;1;0;0;1;0;1;1;3.0;3.5
GP;F;16;U;GT3;T;2;3;1;2;0;1;1;0;1;1;1;0;0;4;4;3;1;3;4;4;11;12;12;0;por;4;1;1;1;1;1;0;1;0;0;0;1;0;0;0;0;1;1;0;1;1;2.0;2.5
GP;F;17;U;GT3;T;1;1;1;2;0;0;1;0;0;0;1;0;0;4;4;4;1;3;1;0;14;15;15;0;por;0;1;1;1;1;1;0;1;0;0;0;1;0;0;0;0;0;1;0;1;1;2.0;1.0
GP;F;17;R;GT3;T;2;2;1;1;0;0;1;0;0;1;1;1;0;5;3;2;1;2;3;12;13;13;13;0;por;21;1;0;1;1;1;0;1;0;0;0;1;0;0;0;0;1;1;0;1;0;1.5;2.0
GP;F;16;R;GT3;T;2;2;2;4;0;0;1;0;1;0;1;1;0;5;3;5;1;1;5;6;13;13;13;0;por;6;1;0;1;1;1;0;0;1;0;0;0;1;0;0;0;1;1;0;1;0;1.0;2.0
GP;F;17;U;GT3;T;3;4;1;3;1;0;1;1;0;1;1;1;1;4;4;3;3;4;5;12;8;9;8;0;por;14;1;1;1;1;1;0;0;0;0;0;0;1;0;1;0;0;1;0;0;0;3.5;3.5
GP;F;16;U;GT3;A;3;1;1;2;0;0;1;0;0;1;1;1;0;2;3;3;2;2;4;2;11;11;12;0;por;2;1;1;1;0;1;0;0;1;0;0;1;0;0;0;0;0;1;0;1;1;2.0;2.0
GP;F;16;U;GT3;T;4;3;1;2;0;0;0;0;1;1;1;1;1;1;3;2;1;1;1;4;14;15;15;0;por;4;1;1;1;1;1;0;0;0;1;0;1;0;0;0;1;0;1;0;1;1;1.0;3.5
GP;F;16;U;GT3;T;1;1;2;1;0;0;1;0;0;1;1;0;0;4;3;2;1;4;5;2;12;13;13;0;por;2;1;1;1;1;1;0;0;0;0;0;1;0;0;1;0;0;1;0;1;1;2.5;1.0
GP;F;17;R;GT3;T;4;3;2;3;0;0;1;0;1;1;1;1;1;4;4;2;1;1;4;0;11;12;12;0;por;0;1;0;1;1;1;0;0;0;1;0;1;0;0;0;0;1;1;0;1;1;1.0;3.5
GP;F;19;U;GT3;T;3;3;1;4;0;0;1;0;1;1;1;1;0;4;3;3;1;2;3;4;12;12;12;0;por;4;1;1;1;1;1;0;1;0;0;0;1;0;0;0;0;1;0;1;1;0;1.5;3.0
GP;M;17;U;LE3;T;4;4;1;2;0;0;1;0;0;1;1;1;1;5;3;5;4;5;3;12;13;12;12;0;por;15;0;1;0;1;1;0;0;1;0;0;1;0;0;1;0;0;1;0;1;-1;4.5;4.0
GP;F;16;U;GT3;A;2;2;1;2;0;1;1;0;0;1;1;1;0;3;3;4;1;1;4;0;13;13;13;0;por;0;1;1;1;0;1;0;1;0;0;0;1;0;0;0;0;1;1;0;1;0;1.0;2.0
GP;M;18;U;GT3;T;2;2;1;2;0;0;1;0;1;1;1;1;0;4;4;4;2;4;5;10;12;11;11;0;por;10;0;1;1;1;1;0;0;1;0;0;1;0;0;1;0;0;1;0;1;-1;3.0;2.0
GP;F;17;R;LE3;T;4;4;1;1;0;0;1;0;0;1;1;0;0;5;2;1;1;2;3;6;12;11;11;0;por;6;1;0;0;1;1;0;0;1;0;0;1;0;0;0;1;0;1;0;1;-1;1.5;4.0
GP;F;17;U;LE3;T;3;2;2;2;0;0;0;0;0;1;1;1;0;4;4;4;1;3;1;2;14;16;15;0;por;2;1;1;0;1;1;0;1;0;0;0;1;0;0;0;0;1;1;0;1;1;2.0;2.5
GP;F;17;U;GT3;T;4;3;1;2;0;0;0;0;0;1;1;1;1;3;4;5;2;4;1;12;11;9;10;0;por;16;1;1;1;1;1;0;1;0;0;0;1;0;0;0;0;1;1;0;1;-1;3.0;3.5
GP;M;18;U;LE3;T;3;3;1;2;0;0;1;0;0;1;1;1;0;3;2;4;2;4;4;10;10;10;10;0;por;10;0;1;0;1;1;0;0;1;0;1;0;0;0;1;0;0;0;0;1;0;3.0;3.0
GP;F;17;U;GT3;T;2;3;2;1;0;0;1;0;0;1;1;0;0;3;3;3;1;4;3;4;12;13;13;0;por;4;1;1;1;1;1;0;0;0;0;0;1;0;0;1;0;0;0;0;1;1;2.5;2.5
GP;F;17;U;GT3;T;2;2;1;3;0;0;1;0;1;1;1;1;0;4;3;3;1;1;4;0;12;12;13;0;por;0;1;1;1;1;1;0;0;0;0;0;0;0;0;0;0;0;1;0;1;1;1.0;2.0
GP;F;17;R;GT3;T;2;1;2;2;0;0;1;0;1;1;1;1;0;4;2;5;1;2;5;0;11;10;11;0;por;0;1;0;1;1;1;0;0;0;0;0;0;1;0;0;0;1;1;0;1;0;1.5;1.5
GP;F;17;U;GT3;T;1;1;1;3;0;0;1;0;1;1;1;0;1;4;3;4;1;1;5;12;12;12;12;0;por;12;1;1;1;1;1;0;0;0;0;0;1;0;0;0;0;1;1;0;1;0;1.0;1.0
GP;F;16;U;GT3;T;2;3;1;2;0;1;0;0;0;1;1;1;0;2;3;1;1;1;3;0;13;13;14;0;por;0;1;1;1;1;1;0;0;1;0;0;0;0;1;0;1;0;1;0;1;1;1.0;2.5
GP;M;18;U;GT3;T;2;2;2;2;3;0;1;1;0;1;1;1;0;3;3;3;5;5;4;9;10;9;10;0;por;9;0;1;1;1;1;0;1;0;0;0;1;0;0;1;0;0;1;0;1;0;5.0;2.0
GP;F;16;U;GT3;T;4;4;1;3;0;0;1;0;1;0;1;1;0;5;3;2;1;1;5;4;15;16;16;0;por;4;1;1;1;1;1;0;0;0;1;0;0;1;0;1;0;0;1;0;1;1;1.0;4.0
GP;F;18;R;GT3;T;3;1;1;2;0;0;0;0;1;1;1;1;1;5;3;3;1;1;4;4;8;8;8;0;por;4;1;0;1;1;1;0;1;0;0;0;1;0;0;0;0;1;1;0;0;0;1.0;2.0
GP;F;17;U;GT3;T;3;2;1;2;0;0;0;0;1;0;1;1;0;5;3;4;1;3;3;2;17;18;17;0;por;2;1;1;1;1;1;0;1;0;0;0;1;0;0;0;0;0;1;0;1;0;2.0;2.5
GP;M;17;U;LE3;T;2;3;1;2;0;0;1;0;0;0;1;1;0;5;3;3;1;3;3;0;10;11;11;0;por;0;0;1;0;1;1;0;0;1;0;0;0;1;0;0;0;1;0;0;1;1;2.0;2.5
GP;M;18;U;LE3;T;2;1;4;2;0;1;1;0;1;1;1;1;1;4;3;2;4;5;3;2;9;10;11;0;por;2;0;1;0;1;1;0;0;0;0;0;1;0;0;0;0;0;1;0;1;2;4.5;1.5
GP;F;17;U;GT3;A;2;1;2;3;0;0;0;0;1;1;1;1;1;3;2;3;1;2;3;0;15;15;16;0;por;0;1;1;1;0;1;0;1;0;0;0;1;0;0;0;0;0;1;0;1;1;1.5;1.5
GP;F;17;U;LE3;T;4;3;1;2;0;0;0;0;1;1;1;1;1;3;2;3;1;2;3;0;14;12;12;0;por;0;1;1;0;1;1;1;0;0;0;0;1;0;0;0;0;1;0;0;1;-2;1.5;3.5
GP;M;17;R;GT3;T;2;2;2;2;0;0;1;0;1;1;1;1;0;4;5;2;1;1;1;0;12;13;13;0;por;0;0;0;1;1;1;0;1;0;0;0;1;0;0;0;0;0;0;0;1;1;1.0;2.0
GP;M;17;U;GT3;T;4;4;1;2;0;1;1;0;1;1;1;1;1;4;5;5;1;3;2;0;13;13;13;0;por;0;0;1;1;1;1;0;0;0;1;0;0;0;1;0;0;1;1;0;1;0;2.0;4.0
GP;M;16;U;GT3;T;4;4;1;2;0;0;1;0;1;1;1;1;0;4;2;4;2;4;1;0;13;13;14;0;por;0;0;1;1;1;1;1;0;0;0;0;1;0;0;0;0;1;0;0;1;1;3.0;4.0
GP;M;16;U;LE3;T;1;1;2;2;0;0;1;0;0;1;1;1;0;3;4;2;1;1;5;2;9;9;9;0;por;2;0;1;0;1;1;0;1;0;0;0;1;0;0;1;0;0;1;0;0;0;1.0;1.0
GP;M;16;U;GT3;T;3;2;2;3;0;0;0;0;1;1;1;1;1;5;3;3;1;3;2;0;12;12;12;0;por;0;0;1;1;1;1;0;0;0;0;0;1;0;0;0;0;1;1;0;1;0;2.0;2.5
GP;M;17;U;LE3;T;2;2;1;2;0;0;0;0;1;0;1;1;1;4;4;2;5;5;4;0;16;16;16;0;por;0;0;1;0;1;1;0;1;0;0;0;1;0;0;1;0;0;0;0;1;0;5.0;2.0
GP;F;16;U;GT3;T;2;1;1;1;0;0;0;0;0;1;1;1;1;4;5;2;1;1;5;4;9;10;10;0;por;4;1;1;1;1;1;0;1;0;0;0;1;0;0;1;0;0;1;0;1;1;1.0;1.5
GP;F;16;U;GT3;A;4;1;1;2;0;0;0;0;1;1;1;1;1;5;3;3;1;2;5;0;14;13;13;0;por;0;1;1;1;0;1;0;1;0;0;0;1;0;0;1;0;0;1;0;1;-1;1.5;2.5
GP;F;18;U;LE3;A;2;4;2;2;1;0;1;0;0;1;1;1;0;4;3;3;1;1;3;12;10;10;10;0;por;18;1;1;0;0;1;0;0;1;0;0;1;0;0;0;0;0;1;0;1;0;1.0;3.0
GP;F;18;U;LE3;T;2;2;1;2;1;0;1;0;0;0;1;1;1;5;3;1;1;1;5;12;9;8;10;0;por;16;1;1;0;1;1;0;0;0;0;0;0;1;0;0;0;0;1;0;1;1;1.0;2.0
GP;F;18;U;GT3;T;3;3;2;1;1;0;0;0;0;1;0;1;0;4;1;1;1;1;3;12;8;7;7;0;por;14;1;1;1;1;1;0;1;0;0;0;1;0;0;0;0;0;1;0;0;-1;1.0;3.0
GP;M;18;U;GT3;T;2;2;1;1;1;0;1;0;1;0;0;1;1;4;4;3;2;2;1;12;7;8;8;0;por;26;0;1;1;1;1;0;1;0;0;0;0;0;0;0;0;0;0;1;0;1;2.0;2.0
GP;M;17;U;GT3;T;4;4;1;1;0;0;1;0;1;0;1;1;0;4;2;1;1;2;5;6;10;8;9;0;por;6;0;1;1;1;1;0;0;0;1;0;0;0;1;0;0;0;1;0;0;-1;1.5;4.0
GP;F;17;U;GT3;T;3;2;1;2;0;0;0;0;1;1;1;0;0;5;4;2;1;1;3;4;14;14;15;0;por;4;1;1;1;1;1;0;1;0;0;0;1;0;0;0;0;0;0;0;1;1;1.0;2.5
GP;F;17;U;LE3;T;1;1;1;3;0;0;1;0;1;1;1;1;1;4;3;2;1;2;4;10;11;10;10;0;por;10;1;1;0;1;1;0;0;0;0;0;0;0;0;0;0;0;1;0;1;-1;1.5;1.0
GP;F;16;U;GT3;T;1;2;1;1;0;0;0;0;0;1;0;1;0;5;3;5;1;2;5;4;12;11;11;0;por;4;1;1;1;1;1;0;1;0;0;0;1;0;0;0;0;0;1;0;1;-1;1.5;1.5
GP;F;17;R;GT3;T;2;1;3;2;0;0;0;0;1;1;1;0;0;2;1;1;1;1;3;2;13;13;13;0;por;2;1;0;1;1;1;0;0;0;0;0;0;1;0;0;0;0;1;0;1;0;1.0;1.5
GP;F;17;R;LE3;A;1;4;4;1;1;0;1;0;0;1;1;1;0;5;5;4;1;1;5;12;9;9;8;0;por;14;1;0;0;0;1;0;1;0;0;0;1;0;0;0;0;0;0;1;0;-1;1.0;2.5
GP;M;18;U;GT3;T;2;2;1;2;0;0;0;0;0;1;0;1;0;5;5;4;3;5;2;12;8;7;8;0;por;16;0;1;1;1;1;0;1;0;0;0;0;1;0;0;0;1;0;0;0;0;4.0;2.0
GP;F;17;U;LE3;A;2;2;1;1;1;0;1;0;0;0;0;1;0;3;1;2;1;1;1;8;11;9;10;0;por;8;1;1;0;0;1;0;1;0;0;0;1;0;0;1;0;0;1;0;1;-1;1.0;2.0
GP;F;17;R;LE3;T;1;1;2;3;0;0;0;0;1;1;1;1;0;4;3;3;1;3;5;4;15;14;15;0;por;4;1;0;0;1;1;0;0;0;0;0;1;0;0;0;0;0;1;0;1;0;2.0;1.0
GP;F;17;U;LE3;A;4;2;1;2;0;0;1;0;1;1;1;0;0;4;3;2;1;1;4;4;15;14;14;0;por;4;1;1;0;0;1;0;0;0;1;0;1;0;0;0;0;0;1;0;1;-1;1.0;3.0
GP;M;17;U;LE3;T;4;3;2;2;0;0;0;0;1;1;1;1;1;2;5;5;1;4;5;8;15;15;15;0;por;8;0;1;0;1;1;1;0;0;0;0;1;0;0;0;0;0;1;0;1;0;2.5;3.5
GP;M;17;R;LE3;A;4;4;2;2;0;0;1;0;0;1;1;1;0;3;3;3;2;3;4;0;12;12;12;0;por;0;0;0;0;0;1;0;0;0;1;0;1;0;0;0;0;0;1;0;1;0;2.5;4.0
GP;M;16;U;LE3;T;4;3;1;1;0;0;0;0;1;0;1;1;0;5;4;5;1;1;3;7;14;14;15;0;por;7;0;1;0;1;1;0;0;0;1;0;1;0;0;0;0;0;1;0;1;1;1.0;3.5
GP;M;16;U;GT3;T;4;4;1;1;0;0;0;1;1;1;1;1;0;5;3;2;1;2;5;4;14;15;15;0;por;4;0;1;1;1;1;0;0;1;0;0;0;1;0;0;0;0;1;0;1;1;1.5;4.0
GP;F;17;U;GT3;T;4;4;1;2;0;0;1;1;0;1;1;1;1;5;3;1;1;4;5;2;11;11;12;0;por;2;1;1;1;1;1;0;0;0;1;0;0;1;0;0;0;0;1;0;1;1;2.5;4.0
GP;M;17;R;GT3;T;1;1;2;3;0;0;0;0;0;0;1;1;1;4;3;3;1;1;1;2;13;14;15;0;por;2;0;0;1;1;1;0;1;0;0;0;1;0;0;1;0;0;0;0;1;2;1.0;1.0
GP;F;17;U;GT3;T;3;3;2;3;0;0;1;0;0;1;1;1;1;4;2;2;2;3;5;10;11;11;11;0;por;10;1;1;1;1;1;0;0;1;0;0;1;0;0;1;0;0;1;0;1;0;2.5;3.0
GP;F;17;U;GT3;T;1;1;1;2;0;1;0;0;0;0;1;0;1;4;3;2;1;1;4;10;10;9;10;0;por;10;1;1;1;1;1;0;0;0;0;0;1;0;0;0;0;0;1;0;1;0;1.0;1.0
GP;F;18;U;GT3;T;2;1;2;3;0;0;1;0;0;0;1;1;1;4;4;4;1;1;3;10;12;10;11;0;por;10;1;1;1;1;1;0;1;0;0;0;1;0;0;0;0;0;0;1;1;-1;1.0;1.5
GP;M;16;U;GT3;T;2;1;3;1;0;0;0;0;0;1;1;1;0;4;3;3;1;1;4;7;15;16;16;0;por;7;0;1;1;1;1;0;1;0;0;0;1;0;0;0;0;0;1;0;1;1;1.0;1.5
GP;F;17;U;GT3;T;1;1;1;2;0;0;1;0;0;1;1;0;0;4;3;4;1;2;5;4;11;10;11;0;por;4;1;1;1;1;1;0;1;0;0;0;0;1;0;0;0;0;0;0;1;0;1.5;1.0
GP;M;17;U;GT3;T;2;3;2;1;0;0;0;0;0;1;1;1;0;5;2;2;1;1;2;2;9;12;13;0;por;2;0;1;1;1;1;0;1;0;0;0;1;0;0;0;0;0;0;0;1;4;1.0;2.5
GP;M;22;U;GT3;T;3;1;1;1;3;0;0;0;0;0;0;1;1;5;4;5;5;5;1;12;7;8;5;0;por;12;0;1;1;1;1;0;0;1;0;0;0;1;0;0;1;0;1;0;0;-2;5.0;2.0
GP;M;18;R;LE3;T;3;3;1;2;0;0;1;0;0;1;1;1;1;4;3;3;1;3;5;8;10;9;10;0;por;8;0;0;0;1;1;0;1;0;0;0;0;1;0;0;0;0;1;0;1;0;2.0;3.0
GP;M;16;U;GT3;T;0;2;1;1;0;0;0;0;0;0;1;1;0;4;3;2;2;4;5;0;11;12;11;0;por;0;0;1;1;1;1;0;1;0;0;0;1;0;0;0;1;0;1;0;1;0;3.0;1.0
GP;M;18;U;GT3;T;3;2;2;1;0;0;0;0;0;1;0;1;0;4;4;5;2;4;5;8;7;8;7;0;por;8;0;1;1;1;1;0;0;1;0;0;1;0;0;0;0;0;1;0;0;0;3.0;2.5
GP;M;16;U;GT3;T;3;3;3;2;1;1;1;0;0;0;1;1;0;5;3;3;1;3;2;4;9;11;10;0;por;4;0;1;1;1;1;0;0;0;0;0;1;0;0;0;0;1;0;1;1;1;2.0;3.0
GP;M;18;U;GT3;T;2;1;1;1;2;0;0;0;0;0;0;1;0;3;2;5;2;5;5;4;7;8;6;0;por;4;0;1;1;1;1;0;0;1;0;0;0;1;0;0;1;0;1;0;0;-1;3.5;1.5
GP;M;16;R;GT3;T;2;1;2;1;0;0;0;0;1;0;1;0;0;3;3;2;1;3;3;2;14;13;12;0;por;2;0;0;1;1;1;0;1;0;0;0;1;0;0;0;0;0;1;0;1;-2;2.0;1.5
GP;M;17;R;GT3;T;2;1;1;1;0;0;0;0;0;0;1;1;0;4;4;2;2;4;5;0;12;12;13;0;por;0;0;0;1;1;1;0;1;0;0;0;1;0;0;0;0;0;1;0;1;1;3.0;1.5
GP;M;17;U;LE3;T;1;1;2;1;1;0;1;0;1;1;1;1;0;4;4;4;1;2;5;0;9;10;10;0;por;0;0;1;0;1;1;1;0;0;0;0;1;0;0;0;0;0;1;0;1;1;1.5;1.0
GP;F;18;U;LE3;A;2;1;1;2;0;0;1;0;0;0;1;1;1;4;3;4;1;3;5;2;12;12;13;0;por;2;1;1;0;0;1;0;1;0;0;0;1;0;0;0;0;0;1;0;1;1;2.0;1.5
GP;F;17;U;LE3;T;4;2;1;4;0;0;1;0;1;1;1;1;0;4;2;3;1;1;4;2;14;15;17;0;por;2;1;1;0;1;1;0;0;0;1;0;0;1;0;0;0;1;1;0;1;3;1.0;3.0
GP;F;19;U;GT3;T;2;2;1;2;0;0;1;0;0;1;1;1;0;4;3;3;1;1;5;0;10;10;11;0;por;0;1;1;1;1;1;0;0;1;0;0;0;1;0;1;0;0;1;0;1;1;1.0;2.0
GP;M;18;U;LE3;T;2;1;3;2;1;0;0;0;1;0;0;1;0;4;4;5;4;4;5;4;11;10;11;0;por;4;0;1;0;1;1;0;0;1;0;0;1;0;0;0;0;0;1;0;1;0;4.0;1.5
GP;F;17;R;GT3;T;4;2;1;3;0;0;1;0;1;1;1;1;0;4;3;4;1;3;5;2;11;12;14;0;por;2;1;0;1;1;1;0;1;0;0;0;1;0;0;0;0;0;1;0;1;3;2.0;3.0
GP;F;18;U;LE3;T;1;1;1;3;0;0;1;0;0;0;1;0;0;4;4;3;2;3;3;4;11;12;14;0;por;4;1;1;0;1;1;0;1;0;0;0;0;0;0;1;0;0;1;0;1;3;2.5;1.0
GP;F;18;R;GT3;T;2;2;1;2;0;1;0;0;0;1;1;0;0;3;2;3;1;1;5;4;11;11;13;0;por;4;1;0;1;1;1;0;1;0;0;0;1;0;0;1;0;0;1;0;1;2;1.0;2.0
GP;M;19;U;LE3;A;4;3;1;2;0;0;1;0;0;1;1;1;0;4;3;1;1;1;1;4;11;13;14;0;por;4;0;1;0;0;1;0;0;1;0;0;0;0;0;0;0;1;1;0;1;3;1.0;3.5
GP;M;18;U;GT3;T;2;1;1;2;0;0;0;0;1;1;1;1;0;5;2;4;1;2;4;2;16;16;16;0;por;2;0;1;1;1;1;0;1;0;0;0;1;0;0;1;0;0;1;0;1;0;1.5;1.5
GP;M;17;R;GT3;T;2;2;2;1;0;0;0;0;0;0;0;0;0;5;2;2;1;1;4;0;9;10;10;0;por;0;0;0;1;1;1;0;1;0;0;0;0;1;0;0;1;0;1;0;1;1;1.0;2.0
GP;F;17;U;LE3;T;2;2;1;4;0;0;0;0;1;1;1;1;1;3;4;1;1;1;2;2;10;11;12;0;por;2;1;1;0;1;1;0;0;1;0;0;0;1;0;0;0;0;0;0;1;2;1.0;2.0
GP;F;20;R;GT3;T;2;1;2;2;0;0;1;1;1;1;0;1;1;1;2;3;1;2;2;8;10;12;12;0;por;8;1;0;1;1;1;0;1;0;0;0;1;0;0;0;0;0;0;1;1;2;1.5;1.5
GP;F;18;U;GT3;T;4;3;1;2;0;0;1;0;0;1;1;1;1;3;1;2;1;3;2;2;15;15;15;0;por;2;1;1;1;1;1;0;0;1;0;0;1;0;0;1;0;0;0;0;1;0;2.0;3.5
GP;M;18;U;GT3;T;4;3;1;2;0;0;1;0;0;0;1;1;0;4;3;2;1;1;3;2;10;10;11;0;por;2;0;1;1;1;1;0;0;0;1;0;1;0;0;0;0;0;1;0;1;1;1.0;3.5
GP;M;18;R;GT3;T;3;2;1;3;0;0;0;0;1;0;1;0;0;5;3;2;1;1;3;2;10;11;12;0;por;2;0;0;1;1;1;0;1;0;0;0;1;0;0;0;0;0;1;0;1;2;1.0;2.5
GP;F;17;U;GT3;T;3;3;1;3;0;0;0;0;1;0;1;0;0;3;2;3;1;1;4;2;15;12;13;0;por;2;1;1;1;1;1;0;1;0;0;0;1;0;0;1;0;0;1;0;1;-2;1.0;3.0
GP;F;18;U;GT3;T;2;2;1;3;0;0;1;0;1;1;1;1;1;4;3;3;1;1;3;0;11;12;13;0;por;0;1;1;1;1;1;0;0;0;0;0;0;1;0;1;0;0;1;0;1;2;1.0;2.0
GP;M;17;U;GT3;T;2;2;2;1;0;0;0;0;0;1;0;1;0;4;4;4;2;3;4;8;8;8;9;0;por;8;0;1;1;1;1;0;1;0;0;0;1;0;0;1;0;0;0;0;0;1;2.5;2.0
GP;M;18;R;LE3;A;3;4;2;2;0;0;1;0;1;1;1;1;0;4;2;5;3;4;1;6;15;16;16;0;por;6;0;0;0;0;1;0;1;0;0;0;1;0;0;0;0;1;1;0;1;1;3.5;3.5
GP;M;17;U;GT3;T;3;1;1;2;0;0;0;0;1;1;1;1;1;5;4;4;3;4;5;0;11;11;14;0;por;0;0;1;1;1;1;0;0;1;0;0;1;0;0;0;1;0;1;0;1;3;3.5;2.0
GP;F;18;R;GT3;T;4;4;2;2;0;0;0;0;1;1;1;1;0;4;3;4;2;2;4;8;10;11;12;0;por;8;1;0;1;1;1;0;0;0;1;0;1;0;0;0;0;1;1;0;1;2;2.0;4.0
GP;M;18;U;GT3;T;4;2;1;2;0;0;1;0;1;1;1;1;1;5;4;5;1;3;5;4;10;12;14;0;por;4;0;1;1;1;1;1;0;0;0;0;1;0;0;0;0;1;0;0;1;4;2.0;3.0
GP;F;18;R;GT3;T;2;1;2;2;0;0;1;0;0;1;0;1;1;4;3;5;1;2;3;12;8;9;10;0;por;12;1;0;1;1;1;0;1;0;0;0;1;0;0;0;0;1;1;0;1;2;1.5;1.5
GP;F;19;U;GT3;T;3;3;1;2;0;0;1;0;1;1;1;1;0;4;3;5;3;3;5;12;11;12;12;0;por;16;1;1;1;1;1;0;1;0;0;0;0;1;0;1;0;0;0;1;1;1;3.0;3.0
GP;F;18;U;GT3;T;2;3;1;4;0;0;1;0;1;1;1;1;1;4;5;5;1;3;2;10;16;16;16;0;por;10;1;1;1;1;1;0;1;0;0;0;0;1;0;0;0;1;0;0;1;0;2.0;2.5
GP;F;18;U;LE3;T;1;1;2;2;0;0;1;0;0;0;1;0;0;4;4;3;1;1;3;2;13;13;13;0;por;2;1;1;0;1;1;0;1;0;0;0;1;0;0;1;0;0;1;0;1;0;1.0;1.0
GP;M;17;R;GT3;T;1;2;1;2;0;0;1;0;1;0;1;0;1;3;5;2;2;2;1;2;16;17;18;0;por;2;0;0;1;1;1;0;0;0;0;0;0;0;0;1;0;0;1;0;1;2;2.0;1.5
GP;F;18;U;GT3;T;2;1;1;2;0;0;1;0;0;1;1;1;1;4;2;5;1;2;1;8;14;14;15;0;por;8;1;1;1;1;1;0;1;0;0;0;1;0;0;1;0;0;1;0;1;1;1.5;1.5
GP;F;17;U;GT3;T;2;4;2;2;0;0;1;0;0;1;1;1;1;4;3;3;1;1;1;6;15;16;16;0;por;6;1;1;1;1;1;0;0;0;0;1;0;0;0;0;0;1;1;0;1;1;1.0;3.0
GP;F;17;U;LE3;T;2;2;2;2;0;1;1;0;0;1;1;1;1;4;4;4;2;3;5;6;12;12;12;0;por;6;1;1;0;1;1;0;0;1;0;0;1;0;0;0;0;0;1;0;1;0;2.5;2.0
GP;F;18;R;GT3;A;3;2;2;2;0;0;0;0;0;0;0;1;1;4;1;1;1;1;5;12;12;9;10;0;por;15;1;0;1;0;1;0;1;0;0;0;0;1;0;1;0;0;1;0;1;-2;1.0;2.5
GP;M;18;U;GT3;T;4;4;2;1;0;0;0;0;1;1;1;1;0;3;2;4;1;4;3;6;11;12;12;0;por;6;0;1;1;1;1;0;0;0;1;0;0;1;0;1;0;0;1;0;1;1;2.5;4.0
GP;F;18;U;GT3;T;4;4;1;2;1;1;1;0;1;1;1;1;1;2;4;4;1;1;4;2;14;12;13;0;por;2;1;1;1;1;1;1;0;0;0;1;0;0;0;0;0;1;0;0;1;-1;1.0;4.0
GP;F;17;U;GT3;T;2;2;3;3;0;0;1;0;0;1;1;1;1;4;2;3;1;1;1;8;13;15;15;0;por;8;1;1;1;1;1;0;1;0;0;0;0;1;0;0;0;1;0;0;1;2;1.0;2.0
GP;F;19;R;GT3;T;3;2;1;2;1;1;1;0;0;1;0;1;0;3;3;3;4;3;3;0;9;8;10;0;por;0;1;0;1;1;1;0;0;1;0;0;0;1;0;0;0;1;0;0;1;1;3.5;2.5
GP;M;18;U;LE3;T;4;3;2;1;0;0;0;0;1;1;1;1;0;4;2;3;1;2;1;0;10;10;10;0;por;0;0;1;0;1;1;0;0;0;1;0;0;1;0;0;0;0;1;0;1;0;1.5;3.5
GP;M;18;U;GT3;T;1;2;2;1;0;0;0;0;0;0;0;1;0;3;4;4;2;4;4;10;10;10;11;0;por;10;0;1;1;1;1;0;0;0;0;0;1;0;0;1;0;0;0;1;1;1;3.0;1.5
GP;M;17;U;LE3;A;4;1;2;1;0;0;0;0;1;1;1;1;1;4;5;4;2;4;5;12;11;11;10;0;por;22;0;1;0;0;1;0;0;1;0;0;1;0;0;1;0;0;1;0;1;-1;3.0;2.5
GP;M;17;U;LE3;A;3;2;1;1;0;0;0;0;0;1;1;1;0;4;4;4;3;4;3;12;13;13;13;0;por;18;0;1;0;0;1;0;0;0;1;0;0;1;0;1;0;0;1;0;1;0;3.5;2.5
GP;F;18;R;LE3;T;1;1;2;4;0;0;1;0;1;1;1;0;0;5;2;2;1;1;3;2;17;17;18;0;por;2;1;0;0;1;1;0;0;0;0;0;1;0;0;0;0;1;1;0;1;1;1.0;1.0
GP;F;18;U;GT3;T;1;1;2;2;0;1;0;0;1;1;1;1;0;5;4;4;1;1;4;0;12;13;13;0;por;0;1;1;1;1;1;0;1;0;0;0;1;0;0;1;0;0;1;0;1;1;1.0;1.0
GP;F;17;U;GT3;T;2;2;1;2;0;0;1;0;0;0;1;1;0;5;4;5;1;2;5;12;12;12;14;0;por;12;1;1;1;1;1;0;1;0;0;0;1;0;0;0;0;0;1;0;1;2;1.5;2.0
GP;F;18;U;GT3;T;2;1;2;2;0;0;0;0;1;1;1;1;1;4;3;1;1;1;5;10;12;13;14;0;por;10;1;1;1;1;1;0;1;0;0;0;1;0;0;0;0;1;1;0;1;2;1.0;1.5
GP;M;17;U;GT3;T;1;1;1;2;0;0;0;0;0;0;1;1;0;4;3;3;1;2;4;0;12;12;12;0;por;0;0;1;1;1;1;0;1;0;0;0;1;0;0;0;0;1;0;0;1;0;1.5;1.0
GP;F;18;U;GT3;T;2;2;1;3;0;0;1;0;0;1;1;1;0;4;3;3;1;2;2;0;18;18;18;0;por;0;1;1;1;1;1;0;0;0;0;0;0;0;0;0;1;0;1;0;1;0;1.5;2.0
GP;F;17;U;GT3;T;1;1;1;3;0;0;1;0;0;1;1;1;0;4;3;3;1;1;3;0;13;13;14;0;por;0;1;1;1;1;1;0;0;1;0;0;0;0;1;0;0;1;1;0;1;1;1.0;1.0
GP;M;18;U;GT3;T;2;1;1;3;0;0;0;0;1;1;1;1;0;4;2;4;1;3;2;0;14;15;15;0;por;0;0;1;1;1;1;0;0;1;0;0;0;1;0;0;0;1;1;0;1;1;2.0;1.5
GP;M;18;U;LE3;A;4;4;1;2;0;0;1;0;1;1;1;1;0;5;4;3;1;1;2;0;17;17;17;0;por;0;0;1;0;0;1;0;0;0;1;0;0;0;1;0;0;1;1;0;1;0;1.0;4.0
GP;M;18;U;GT3;T;4;2;1;2;0;0;1;0;1;1;1;1;1;4;3;2;1;4;5;2;15;16;16;0;por;2;0;1;1;1;1;0;0;0;1;0;1;0;0;1;0;0;1;0;1;1;2.5;3.0
GP;F;17;U;GT3;T;4;3;1;3;0;0;1;0;0;1;1;1;0;4;2;2;1;2;3;0;17;18;18;0;por;0;1;1;1;1;1;1;0;0;0;0;0;1;0;0;0;1;1;0;1;1;1.5;3.5
GP;F;17;R;LE3;T;3;1;2;4;0;0;1;0;0;1;1;0;0;3;1;2;1;1;3;0;18;19;19;0;por;0;1;0;0;1;1;0;0;1;0;0;1;0;0;0;0;1;1;0;1;1;1.0;2.0
GP;M;18;R;LE3;T;3;2;2;3;0;0;1;0;1;1;1;1;0;5;4;2;1;1;4;0;14;15;15;0;por;0;0;0;0;1;1;0;0;1;0;0;1;0;0;0;0;1;1;0;1;1;1.0;2.5
GP;M;17;U;GT3;T;3;3;1;1;0;0;1;0;0;1;1;1;0;4;4;3;1;3;5;0;14;15;15;0;por;0;0;1;1;1;1;1;0;0;0;0;1;0;0;1;0;0;1;0;1;1;2.0;3.0
GP;F;19;U;GT3;T;4;4;2;2;0;0;1;0;1;1;1;1;0;2;3;4;2;3;2;2;14;13;13;0;por;2;1;1;1;1;1;1;0;0;0;0;1;0;0;0;0;1;0;1;1;-1;2.5;4.0
GP;F;18;U;LE3;T;4;3;2;2;0;0;1;0;0;1;1;1;1;4;4;5;1;2;2;0;13;14;14;0;por;0;1;1;0;1;1;0;1;0;0;0;1;0;0;1;0;0;0;1;1;1;1.5;3.5
GP;F;18;U;GT3;T;4;3;1;4;0;0;1;0;0;1;1;1;0;4;3;3;1;1;3;0;16;17;17;0;por;0;1;1;1;1;1;0;1;0;0;0;1;0;0;0;0;1;0;0;1;1;1.0;3.5
GP;M;18;U;LE3;T;4;4;1;1;0;0;1;0;0;1;1;1;1;1;4;2;2;2;1;0;18;18;17;0;por;0;0;1;0;1;1;0;0;0;1;0;0;0;1;1;0;0;1;0;1;-1;2.0;4.0
GP;F;18;U;LE3;A;4;4;1;2;0;0;1;1;0;1;1;1;1;4;2;4;1;1;4;0;14;15;15;0;por;0;1;1;0;0;1;1;0;0;0;0;1;0;0;1;0;0;1;0;1;1;1.0;4.0
GP;M;17;U;LE3;T;4;4;2;1;0;0;0;0;0;1;1;1;0;4;1;1;2;2;5;0;12;13;13;0;por;0;0;1;0;1;1;0;1;0;0;0;0;0;1;1;0;0;0;0;1;1;2.0;4.0
GP;F;17;R;GT3;T;4;4;2;3;0;0;1;0;1;1;1;1;0;5;3;4;1;1;5;0;7;7;8;0;por;0;1;0;1;1;1;0;0;1;0;0;0;1;0;0;0;1;1;0;0;1;1.0;4.0
GP;F;17;U;GT3;T;4;2;2;3;0;0;1;0;0;1;1;1;0;4;3;3;1;1;3;0;16;16;16;0;por;0;1;1;1;1;1;0;1;0;0;0;1;0;0;0;0;1;1;0;1;0;1.0;3.0
GP;F;17;U;GT3;T;3;2;1;4;0;0;1;0;1;0;1;1;0;5;2;2;1;2;5;0;18;18;18;0;por;0;1;1;1;1;1;1;0;0;0;1;0;0;0;0;0;1;0;0;1;0;1.5;2.5
GP;M;19;R;LE3;T;2;1;2;3;1;0;0;0;1;1;1;1;1;4;3;1;1;1;5;0;9;10;11;0;por;0;0;0;0;1;1;0;0;0;0;0;0;1;0;0;0;0;1;0;1;2;1.0;1.5
GP;M;20;U;GT3;A;3;2;1;1;2;0;0;0;1;1;1;0;0;5;5;3;1;1;5;0;14;15;15;0;por;0;0;1;1;0;1;0;0;1;0;0;1;0;0;0;0;0;0;1;1;1;1.0;2.5
GP;M;19;R;GT3;T;3;3;1;2;0;0;0;0;1;1;1;0;1;4;5;3;1;2;5;0;10;10;11;0;por;0;0;0;1;1;1;0;1;0;0;0;0;1;0;0;0;1;0;0;1;1;1.5;3.0
GP;F;18;U;GT3;T;1;4;1;2;0;1;1;0;0;0;1;0;1;3;4;4;1;2;5;2;10;10;11;0;por;2;1;1;1;1;1;0;1;0;0;0;0;0;1;1;0;0;1;0;1;1;1.5;2.5
GP;F;18;U;GT3;T;2;1;2;2;0;0;1;0;1;1;1;1;0;5;3;3;1;2;1;2;12;12;15;0;por;2;1;1;1;1;1;0;0;1;0;0;1;0;0;0;0;0;1;0;1;3;1.5;1.5
GP;F;17;U;GT3;T;2;3;2;2;0;0;0;0;1;1;1;1;1;4;2;1;1;1;3;2;11;12;14;0;por;2;1;1;1;1;1;0;1;0;0;0;1;0;0;0;0;0;0;0;1;3;1.0;2.5
GP;F;17;R;GT3;T;4;4;1;1;0;0;0;0;1;1;1;1;0;4;4;4;1;1;5;2;15;16;17;0;por;2;1;0;1;1;1;0;0;0;1;0;0;0;1;0;0;0;1;0;1;2;1.0;4.0
GP;F;18;U;GT3;T;4;3;1;3;0;0;1;0;1;1;1;1;1;4;3;4;1;1;5;2;14;15;17;0;por;2;1;1;1;1;1;0;1;0;0;0;1;0;0;0;0;0;1;0;1;3;1.0;3.5
GP;F;18;U;LE3;T;4;3;2;1;0;0;1;0;0;1;1;1;0;3;2;4;1;4;1;8;12;12;15;0;por;8;1;1;0;1;1;1;0;0;0;0;0;1;0;0;0;0;1;0;1;3;2.5;3.5
GP;F;17;R;GT3;T;3;4;1;3;0;0;1;0;1;0;1;1;0;4;3;4;2;5;5;2;15;15;17;0;por;2;1;0;1;1;1;0;0;0;0;0;0;1;0;0;0;0;0;0;1;2;3.5;3.5
GP;F;18;U;GT3;T;3;3;1;2;0;0;1;0;0;1;1;1;0;4;1;4;1;1;3;8;11;12;14;0;por;8;1;1;1;1;1;0;0;0;0;0;1;0;0;0;0;0;0;0;1;3;1.0;3.0
GP;M;19;U;GT3;T;4;2;2;2;0;0;1;0;1;1;1;1;1;5;4;4;1;1;1;9;11;10;10;0;por;9;0;1;1;1;1;1;0;0;0;0;1;0;0;0;0;0;1;0;1;-1;1.0;3.0
GP;F;18;U;GT3;T;4;4;1;2;0;0;1;0;0;1;1;1;0;4;4;4;3;3;5;0;12;11;13;0;por;0;1;1;1;1;1;0;0;0;1;0;1;0;0;0;0;0;1;0;1;1;3.0;4.0
GP;F;18;U;GT3;T;3;4;1;1;0;0;1;0;1;1;1;1;1;5;4;4;1;1;1;4;11;12;14;0;por;4;1;1;1;1;1;0;1;0;0;0;1;0;0;0;0;0;1;0;1;3;1.0;3.5
GP;F;17;U;GT3;T;4;4;1;1;0;0;0;0;1;1;1;1;0;5;3;4;1;2;5;2;14;15;17;0;por;2;1;1;1;1;1;1;0;0;0;1;0;0;0;0;0;0;1;0;1;3;1.5;4.0
GP;F;17;U;GT3;A;4;3;1;2;0;0;1;0;0;1;1;1;1;5;2;2;1;2;5;12;15;14;17;0;por;14;1;1;1;0;1;0;0;1;0;0;0;1;0;0;0;0;1;0;1;2;1.5;3.5
GP;F;17;U;LE3;A;3;3;1;2;0;1;1;0;0;1;1;1;0;5;3;3;1;1;5;0;12;12;13;0;por;0;1;1;0;0;1;0;0;1;0;0;1;0;0;1;0;0;1;0;1;1;1.0;3.0
GP;F;17;U;LE3;T;2;1;1;2;0;0;0;0;1;1;1;1;0;4;2;3;2;2;2;2;11;12;14;0;por;2;1;1;0;1;1;0;1;0;0;0;1;0;0;1;0;0;0;0;1;3;2.0;1.5
GP;M;18;U;LE3;T;4;4;1;1;0;0;1;0;0;1;1;1;0;4;2;5;3;4;5;2;8;9;11;0;por;2;0;1;0;1;1;0;1;0;0;0;1;0;0;0;0;1;0;0;1;3;3.5;4.0
GP;F;19;U;GT3;T;1;1;3;3;0;0;0;0;1;1;0;0;1;1;5;5;4;3;5;12;10;10;11;0;por;12;1;1;1;1;1;0;1;0;0;0;1;0;0;0;0;0;0;1;1;1;3.5;1.0
GP;F;19;U;LE3;A;1;1;3;2;2;0;1;0;0;0;1;1;1;5;3;4;1;1;4;2;8;8;9;0;por;2;1;1;0;0;1;0;1;0;0;0;1;0;0;0;0;0;0;1;0;1;1.0;1.0
GP;F;18;U;GT3;T;2;2;1;1;0;0;1;0;1;1;1;1;1;4;3;5;2;4;5;2;10;10;10;0;por;2;1;1;1;1;1;0;1;0;0;0;1;0;0;0;0;0;1;0;1;0;3.0;2.0
GP;F;17;U;GT3;T;2;2;1;2;0;0;1;0;0;1;1;0;1;4;2;2;1;1;3;4;14;13;13;0;por;4;1;1;1;1;1;0;1;0;0;0;1;0;0;0;0;0;1;0;1;-1;1.0;2.0
GP;F;17;R;LE3;T;2;2;1;3;0;0;1;0;1;1;1;1;0;3;3;2;2;2;3;0;11;11;10;0;por;0;1;0;0;1;1;0;0;1;0;0;0;1;0;0;0;0;1;0;1;-1;2.0;2.0
GP;F;17;U;GT3;T;3;1;1;3;0;0;1;0;0;0;1;1;0;3;4;3;2;3;5;0;17;18;17;0;por;0;1;1;1;1;1;0;0;1;0;0;0;1;0;0;0;0;0;0;1;0;2.5;2.0
GP;F;17;U;LE3;T;0;2;2;3;0;0;0;0;0;1;1;1;0;3;3;3;2;3;2;0;14;14;15;0;por;0;1;1;0;1;1;0;0;0;0;0;0;0;0;1;0;0;0;0;1;1;2.5;1.0
GP;F;18;U;GT3;T;1;1;2;3;0;0;0;0;1;1;1;1;0;4;5;5;1;2;2;0;14;14;14;0;por;0;1;1;1;1;1;0;1;0;0;0;1;0;0;1;0;0;1;0;1;0;1.5;1.0
GP;M;18;U;GT3;T;4;4;1;3;0;0;0;0;1;1;1;1;0;4;3;3;2;2;3;0;13;14;13;0;por;0;0;1;1;1;1;0;1;0;0;0;1;0;0;0;0;0;1;0;1;0;2.0;4.0
GP;M;17;U;GT3;T;3;3;1;1;0;0;0;0;1;0;1;1;0;4;3;5;3;5;5;0;17;18;17;0;por;0;0;1;1;1;1;0;1;0;0;0;0;1;0;0;0;1;1;0;1;0;4.0;3.0
GP;M;17;R;GT3;T;2;2;4;1;0;0;1;0;0;1;1;1;0;4;4;5;5;5;4;2;11;10;10;0;por;2;0;0;1;1;1;0;0;1;0;0;1;0;0;0;0;0;1;0;1;-1;5.0;2.0
GP;F;17;U;GT3;T;4;4;1;3;0;0;1;0;1;1;1;1;0;5;4;4;1;3;4;0;13;12;13;0;por;0;1;1;1;1;1;0;0;0;1;0;0;1;0;0;0;0;1;0;1;0;2.0;4.0
GP;F;17;U;GT3;T;4;4;2;3;0;0;1;0;0;0;1;1;1;4;3;3;1;2;4;4;15;14;15;0;por;4;1;1;1;1;1;0;0;0;1;0;0;0;1;0;0;0;1;0;1;0;1.5;4.0
GP;F;17;U;GT3;T;3;3;1;1;0;0;1;1;1;1;1;1;0;4;2;5;2;5;5;2;11;12;11;0;por;2;1;1;1;1;1;0;0;0;0;0;1;0;0;0;0;0;1;0;1;0;3.5;3.0
GP;M;18;U;LE3;T;2;2;1;4;0;0;1;1;1;1;1;1;0;4;5;5;2;4;5;0;11;11;12;0;por;0;0;1;0;1;1;0;1;0;0;0;1;0;0;0;0;0;1;0;1;1;3.0;2.0
GP;M;19;R;GT3;T;3;2;1;1;0;0;1;0;0;0;1;0;1;5;3;4;2;2;5;0;11;10;10;0;por;0;0;0;1;1;1;0;0;0;0;0;0;1;0;1;0;0;0;1;1;-1;2.0;2.5
GP;F;18;U;GT3;T;2;2;4;2;0;0;0;0;1;1;1;0;1;4;2;5;1;1;2;2;10;9;10;0;por;2;1;1;1;1;1;0;0;0;0;0;1;0;0;0;0;0;1;0;1;0;1.0;2.0
GP;F;17;R;GT3;T;2;4;1;3;0;0;1;0;0;1;1;1;1;4;4;3;1;1;5;0;15;15;15;0;por;0;1;0;1;1;1;0;0;0;0;0;1;0;0;0;0;0;0;0;1;0;1.0;3.0
GP;M;18;U;GT3;T;2;2;1;1;0;0;0;0;0;0;1;1;0;5;4;2;1;2;5;6;15;14;15;0;por;6;0;1;1;1;1;0;1;0;0;0;1;0;0;0;0;1;1;0;1;0;1.5;2.0
GP;F;18;U;GT3;T;3;3;1;2;0;0;0;0;1;1;1;1;0;5;3;4;1;1;4;8;10;11;12;0;por;8;1;1;1;1;1;0;0;1;0;0;0;1;0;1;0;0;1;0;1;2;1.0;3.0
GP;F;18;U;LE3;T;2;2;1;2;0;0;0;0;1;0;1;1;1;4;3;3;1;1;2;0;10;9;12;0;por;0;1;1;0;1;1;0;1;0;0;0;1;0;0;1;0;0;0;1;1;2;1.0;2.0
GP;F;18;R;GT3;T;2;2;2;4;0;0;0;0;1;1;1;0;0;4;4;4;1;1;4;6;14;13;14;0;por;6;1;0;1;1;1;0;0;0;0;0;1;0;0;0;0;0;1;0;1;0;1.0;2.0
GP;F;17;U;GT3;T;3;4;1;3;0;0;0;0;0;1;1;1;0;4;4;5;1;3;5;8;11;13;14;0;por;8;1;1;1;1;1;0;0;1;0;0;1;0;0;0;0;0;1;0;1;3;2.0;3.5
GP;F;17;U;GT3;T;3;2;1;2;0;0;1;0;0;1;1;1;1;4;3;2;2;3;2;0;12;13;15;0;por;0;1;1;1;1;1;0;1;0;0;0;1;0;0;1;0;0;1;0;1;3;2.5;2.5
GP;F;18;U;LE3;T;3;3;1;4;0;0;1;0;0;1;1;1;0;5;3;3;1;1;1;4;14;14;15;0;por;4;1;1;0;1;1;0;0;1;0;0;0;1;0;1;0;0;1;0;1;1;1.0;3.0
GP;F;17;R;GT3;A;3;2;1;2;0;0;1;0;0;1;1;1;0;4;3;3;2;3;2;0;14;14;16;0;por;0;1;0;1;0;1;0;1;0;0;0;1;0;0;1;0;0;1;0;1;2;2.5;2.5
GP;M;18;U;GT3;T;4;4;1;2;0;0;1;0;1;1;1;1;0;4;3;3;2;2;2;0;12;12;13;0;por;0;0;1;1;1;1;0;0;0;1;0;0;1;0;1;0;0;0;0;1;1;2.0;4.0
GP;M;18;U;LE3;T;3;4;1;2;0;0;0;0;1;1;1;1;1;4;3;3;1;3;5;6;16;16;17;0;por;6;0;1;0;1;1;0;0;1;0;0;1;0;0;1;0;0;1;0;1;1;2.0;3.5
GP;F;17;U;GT3;A;2;2;1;2;0;0;1;0;0;1;1;1;1;3;3;1;1;2;4;12;10;12;14;0;por;18;1;1;1;0;1;0;0;0;0;0;0;0;0;1;0;0;0;0;1;4;1.5;2.0
GP;F;18;U;GT3;T;2;3;1;3;0;0;1;0;0;1;1;1;0;4;3;3;1;2;3;0;11;12;14;0;por;0;1;1;1;1;1;0;0;0;0;0;1;0;0;0;0;0;1;0;1;3;1.5;2.5
GP;F;18;U;GT3;T;3;2;1;3;0;0;0;0;0;1;1;1;1;5;4;3;2;3;1;4;14;16;17;0;por;4;1;1;1;1;1;0;1;0;0;0;0;1;0;0;1;0;1;0;1;3;2.5;2.5
GP;M;18;R;GT3;T;4;3;1;3;0;0;0;0;0;1;1;1;1;5;3;2;1;2;4;4;15;14;17;0;por;4;0;0;1;1;1;0;0;0;1;0;0;1;0;0;0;0;1;0;1;2;1.5;3.5
GP;M;18;U;GT3;T;4;3;1;3;0;0;1;0;0;1;1;1;1;5;4;5;2;3;5;0;14;13;14;0;por;0;0;1;1;1;1;0;0;0;1;0;1;0;0;0;0;0;1;0;1;0;2.5;3.5
GP;F;17;U;GT3;T;4;3;1;3;0;0;1;0;1;1;1;1;1;4;4;3;1;3;4;0;11;12;13;0;por;0;1;1;1;1;1;1;0;0;0;0;1;0;0;0;0;1;1;0;1;2;2.0;3.5
GP;F;17;U;GT3;T;2;1;2;2;0;0;1;0;1;1;1;1;1;4;3;4;2;2;1;10;12;15;15;0;por;10;1;1;1;1;1;0;0;1;0;0;1;0;0;0;0;0;1;0;1;3;2.0;1.5
GP;F;17;U;GT3;T;2;1;1;2;0;0;1;0;1;1;1;1;0;4;3;5;2;4;4;4;12;16;16;0;por;4;1;1;1;1;1;0;0;1;0;0;1;0;0;0;0;1;1;0;1;4;3.0;1.5
GP;F;19;U;LE3;A;2;3;2;1;1;0;0;0;0;1;0;1;0;2;2;3;3;4;5;12;10;11;11;0;por;16;1;1;0;0;1;0;0;0;0;0;1;0;0;1;0;0;0;1;1;1;3.5;2.5
GP;F;17;U;GT3;T;3;1;1;1;1;0;1;1;0;1;1;1;1;4;1;2;1;1;3;6;10;13;13;0;por;6;1;1;1;1;1;0;1;0;0;0;0;0;0;1;0;0;1;0;1;3;1.0;2.0
GP;F;21;U;LE3;T;4;4;1;3;2;0;0;1;1;1;1;1;0;3;3;2;1;1;5;0;9;12;12;0;por;0;1;1;0;1;1;0;1;0;0;0;1;0;0;0;0;1;0;1;1;3;1.0;4.0
GP;M;18;U;LE3;T;2;2;1;2;0;0;1;0;1;0;0;1;0;4;4;4;1;3;3;11;9;11;12;0;por;11;0;1;0;1;1;0;0;1;0;0;0;1;0;0;0;1;1;0;1;3;2.0;2.0
GP;M;18;U;LE3;A;3;4;1;2;0;0;0;0;1;1;1;1;1;4;3;5;1;4;2;9;13;14;15;0;por;9;0;1;0;0;1;0;1;0;0;0;1;0;0;0;0;1;0;1;1;2;2.5;3.5
GP;F;17;U;GT3;T;2;2;1;2;0;0;1;0;1;1;1;1;0;4;3;4;1;3;4;0;13;17;17;0;por;0;1;1;1;1;1;0;0;1;0;0;0;1;0;0;0;1;1;0;1;4;2.0;2.0
GP;M;17;U;LE3;A;4;4;1;3;0;0;1;0;0;1;1;1;0;4;4;2;1;2;4;2;12;15;15;0;por;2;0;1;0;0;1;1;0;0;0;0;1;0;0;0;0;1;1;0;1;3;1.5;4.0
GP;F;18;U;LE3;T;4;2;1;2;0;0;1;0;1;1;1;1;0;4;2;2;1;1;3;0;14;17;17;0;por;0;1;1;0;1;1;0;0;0;1;0;1;0;0;0;0;0;1;0;1;3;1.0;3.0
GP;M;21;R;LE3;T;1;1;2;2;2;0;1;0;1;1;0;1;1;5;3;3;5;2;4;12;9;10;10;0;por;21;0;0;0;1;1;0;0;0;0;0;1;0;0;0;0;0;0;1;1;1;3.5;1.0
GP;F;20;R;GT3;T;1;1;2;3;0;0;0;0;0;1;1;1;1;3;2;2;1;3;3;8;11;15;15;0;por;8;1;0;1;1;1;0;1;0;0;0;1;0;0;0;0;1;0;1;1;4;2.0;1.0
GP;F;19;U;GT3;T;4;4;1;1;1;0;1;0;0;1;1;1;1;3;2;5;4;4;5;5;9;10;11;0;por;5;1;1;1;1;1;0;0;0;1;0;1;0;0;1;0;0;0;1;1;2;4.0;4.0
GP;M;17;U;LE3;A;3;2;1;2;0;0;1;0;0;1;1;1;0;4;4;4;1;2;5;10;16;18;18;0;por;10;0;1;0;0;1;0;1;0;0;0;1;0;0;0;0;1;1;0;1;2;1.5;2.5
GP;F;18;U;GT3;T;3;2;1;3;0;0;1;0;0;1;1;1;1;4;3;4;1;2;2;5;14;17;17;0;por;5;1;1;1;1;1;0;0;0;0;0;1;0;0;0;0;1;0;0;1;3;1.5;2.5
GP;M;18;R;GT3;T;2;3;1;1;0;0;0;0;0;1;1;1;0;3;1;3;4;5;4;12;13;14;14;0;por;13;0;0;1;1;1;0;1;0;0;0;0;1;0;0;0;1;0;0;1;1;4.5;2.5
GP;M;19;U;GT3;T;2;1;1;1;0;0;0;0;0;1;1;1;0;5;3;4;1;4;4;10;7;11;11;0;por;10;0;1;1;1;1;0;1;0;0;0;1;0;0;0;0;1;1;0;1;4;2.5;1.5
GP;F;18;U;LE3;A;2;2;2;2;0;0;1;0;0;1;1;1;0;4;1;4;1;3;4;10;14;17;17;0;por;10;1;1;0;0;1;0;0;1;0;0;1;0;0;0;0;1;1;0;1;3;2.0;2.0
GP;F;20;U;GT3;T;1;0;2;1;1;1;0;0;0;1;1;1;1;5;3;1;1;1;5;5;8;10;10;0;por;5;1;1;1;1;1;0;1;0;0;0;1;0;0;0;0;1;1;0;1;2;1.0;0.5
GP;F;18;U;GT3;T;3;2;1;2;0;0;1;0;1;0;1;1;1;3;1;2;1;2;1;4;10;13;13;0;por;4;1;1;1;1;1;0;0;1;0;0;1;0;0;1;0;0;1;0;1;3;1.5;2.5
MS;F;16;U;GT3;T;1;3;2;1;0;0;1;0;0;1;0;1;1;4;3;3;1;3;5;11;10;11;11;0;por;11;1;1;1;1;0;0;0;0;0;0;1;0;0;0;1;0;0;0;1;1;2.0;2.0
MS;F;16;R;GT3;T;2;2;2;2;0;0;1;0;1;1;1;1;0;4;4;4;1;1;5;0;12;12;12;0;por;0;1;0;1;1;0;0;1;0;0;0;1;0;0;0;0;0;1;0;1;0;1.0;2.0
MS;F;15;R;GT3;T;1;1;1;1;1;0;1;0;0;1;1;0;1;4;1;3;1;1;2;6;10;10;10;0;por;6;1;0;1;1;0;0;0;0;0;0;0;1;0;0;1;0;1;0;1;0;1.0;1.0
MS;F;15;R;GT3;T;3;3;2;1;0;0;1;0;0;1;1;1;0;5;4;4;2;3;5;4;10;10;11;0;por;4;1;0;1;1;0;0;0;0;0;0;1;0;0;0;0;0;1;0;1;1;2.5;3.0
MS;F;16;R;GT3;T;2;3;2;2;0;0;0;0;0;1;1;0;0;4;5;2;1;2;5;0;16;17;17;0;por;0;1;0;1;1;0;0;0;0;0;0;0;1;0;0;0;0;1;0;1;1;1.5;2.5
MS;F;15;R;LE3;T;2;1;2;1;0;0;0;0;0;1;0;0;0;1;3;4;1;1;1;0;6;8;9;0;por;0;1;0;0;1;0;0;0;0;0;0;1;0;0;1;0;0;1;0;0;3;1.0;1.5
MS;M;16;R;LE3;A;4;4;1;2;0;0;1;0;0;1;1;0;0;5;3;2;1;3;2;5;10;11;11;0;por;5;0;0;0;0;0;0;0;0;0;0;1;0;0;1;0;0;1;0;1;1;2.0;4.0
MS;M;16;U;GT3;A;1;2;1;3;0;1;0;0;0;1;1;1;0;4;4;3;1;1;5;0;10;11;11;0;por;0;0;1;1;0;0;0;1;0;0;0;1;0;0;0;1;0;1;0;1;1;1.0;1.5
MS;F;17;R;GT3;T;3;2;1;2;1;0;0;0;0;1;1;0;1;4;5;4;1;2;5;0;10;10;10;0;por;0;1;0;1;1;0;0;0;0;0;0;1;0;0;0;0;0;0;0;1;0;1.5;2.5
MS;F;17;R;GT3;T;1;1;1;1;1;0;1;0;0;0;0;1;0;5;4;4;2;2;5;0;6;6;7;0;por;0;1;0;1;1;0;0;1;0;0;0;1;0;0;0;1;0;0;0;0;1;2.0;1.0
MS;F;15;R;GT3;T;4;4;2;1;0;0;0;0;0;1;1;1;1;1;5;1;3;5;5;0;13;14;14;0;por;0;1;0;1;1;0;0;0;0;1;0;1;0;0;0;0;0;1;0;1;1;4.0;4.0
MS;F;16;U;LE3;A;2;2;2;4;0;0;0;0;1;0;0;0;1;1;2;1;1;1;1;4;10;9;11;0;por;4;1;1;0;0;0;0;0;0;0;0;1;0;0;0;0;1;1;0;1;1;1.0;2.0
MS;F;15;R;LE3;T;1;1;2;2;0;0;1;0;0;1;1;1;0;5;4;3;1;2;4;0;10;10;10;0;por;0;1;0;0;1;0;0;0;0;0;0;0;1;0;0;0;1;0;0;1;0;1.5;1.0
MS;F;15;R;LE3;T;1;1;2;1;1;0;1;0;0;1;1;1;1;4;4;3;1;2;2;4;6;7;8;0;por;4;1;0;0;1;0;0;1;0;0;0;0;1;0;0;0;0;1;0;0;2;1.5;1.0
MS;F;16;R;GT3;T;0;2;2;1;0;0;1;0;1;1;1;0;0;3;2;3;1;2;2;0;12;11;12;0;por;0;1;0;1;1;0;0;1;0;0;0;1;0;0;0;1;0;1;0;1;0;1.5;1.0
MS;F;17;R;GT3;T;2;3;2;1;0;0;1;0;0;1;1;1;0;5;5;5;1;3;3;2;10;11;12;0;por;2;1;0;1;1;0;0;1;0;0;0;1;0;0;0;0;0;1;0;1;2;2.0;2.5
MS;F;15;R;GT3;T;3;3;2;1;0;0;0;0;0;0;1;1;0;4;1;3;1;1;4;0;14;16;16;0;por;0;1;0;1;1;0;0;1;0;0;0;0;1;0;0;0;0;0;0;1;2;1.0;3.0
MS;M;16;U;GT3;T;1;1;2;2;0;0;1;0;1;1;1;0;1;5;4;5;4;5;3;0;7;0;0;1;por;0;0;1;1;1;0;0;0;0;0;0;0;1;0;1;0;0;1;0;0;-7;4.5;1.0
MS;M;17;U;GT3;T;1;1;1;2;0;0;0;1;0;0;1;1;0;4;4;3;2;4;5;4;8;9;9;0;por;4;0;1;1;1;0;0;1;0;0;0;1;0;0;1;0;0;1;0;0;1;3.0;1.0
MS;M;15;R;LE3;T;4;1;1;2;0;0;1;0;1;1;1;1;0;5;3;4;1;2;2;0;12;13;14;0;por;0;0;0;0;1;0;1;0;0;0;0;0;1;0;0;0;1;0;0;1;2;1.5;2.5
MS;M;15;R;LE3;T;4;1;1;2;0;0;1;0;1;1;1;1;0;5;3;4;1;2;2;7;7;9;8;0;por;7;0;0;0;1;0;1;0;0;0;0;0;1;0;0;0;1;0;0;0;1;1.5;2.5
MS;M;16;R;GT3;T;3;4;3;2;0;0;0;0;0;0;1;0;0;3;4;5;1;2;5;4;9;10;11;0;por;4;0;0;1;1;0;0;1;0;0;1;0;0;0;0;1;0;1;0;1;2;1.5;3.5
MS;M;15;R;GT3;T;1;1;4;2;0;0;1;0;1;1;1;0;1;5;4;5;2;4;4;8;7;9;9;0;por;8;0;0;1;1;0;0;1;0;0;0;1;0;0;0;0;0;1;0;0;2;3.0;1.0
MS;M;15;U;LE3;T;3;3;1;2;0;0;1;0;1;1;1;1;0;5;3;3;1;1;5;0;11;11;11;0;por;0;0;1;0;1;0;0;0;0;0;0;0;0;0;0;0;1;0;0;1;0;1.0;3.0
MS;M;17;R;GT3;T;2;1;3;1;0;0;0;0;1;1;0;0;1;5;5;5;5;5;3;8;8;10;9;0;por;8;0;0;1;1;0;0;1;0;0;0;1;0;0;0;1;0;1;0;0;1;5.0;1.5
MS;F;16;R;GT3;T;4;4;2;3;0;0;0;0;1;1;1;1;1;4;2;2;1;1;4;6;16;16;17;0;por;6;1;0;1;1;0;0;0;0;1;0;0;0;1;0;0;0;1;0;1;1;1.0;4.0
MS;F;15;R;GT3;T;1;2;2;1;0;0;0;0;0;1;1;0;0;5;1;2;1;1;1;3;11;13;13;0;por;3;1;0;1;1;0;0;1;0;0;0;0;1;0;0;0;0;1;0;1;2;1.0;1.5
MS;F;16;R;GT3;T;2;3;3;2;0;0;1;0;0;1;1;1;0;4;5;4;1;2;1;2;15;15;15;0;por;2;1;0;1;1;0;0;1;0;0;0;0;1;0;0;0;0;1;0;1;0;1.5;2.5
MS;M;16;R;GT3;T;1;2;2;2;0;0;0;0;0;1;1;0;0;4;3;3;1;1;5;0;10;11;11;0;por;0;0;0;1;1;0;0;1;0;0;0;1;0;0;0;0;0;0;0;1;1;1.0;1.5
MS;F;16;R;GT3;T;2;2;3;2;0;0;1;0;0;1;1;1;0;4;4;5;1;1;4;4;9;10;11;0;por;4;1;0;1;1;0;0;1;0;0;0;1;0;0;0;0;0;1;0;1;2;1.0;2.0
MS;F;16;U;GT3;T;1;2;1;3;1;0;1;0;0;1;1;0;0;1;3;2;1;2;4;0;10;8;8;0;por;0;1;1;1;1;0;0;1;0;0;0;0;1;0;0;0;0;1;0;0;-2;1.5;1.5
MS;F;16;U;GT3;T;1;2;1;3;1;0;1;0;0;1;1;0;0;1;3;2;1;2;4;3;9;8;8;0;por;3;1;1;1;1;0;0;1;0;0;0;0;1;0;0;0;0;1;0;0;-1;1.5;1.5
MS;F;15;U;GT3;T;2;1;1;2;0;1;1;0;0;0;1;1;0;4;4;2;3;3;2;0;9;10;9;0;por;0;1;1;1;1;0;0;0;0;0;0;1;0;0;1;0;0;1;0;0;0;3.0;1.5
MS;F;16;U;GT3;T;1;1;1;2;0;0;1;0;0;0;1;0;1;5;4;3;2;1;2;0;13;14;15;0;por;0;1;1;1;1;0;0;0;0;0;0;1;0;0;0;0;0;0;0;1;2;1.5;1.0
MS;M;17;R;LE3;T;1;2;1;1;0;0;1;0;1;1;1;1;0;5;5;5;5;5;3;4;10;11;11;0;por;4;0;0;0;1;0;0;0;0;0;0;0;1;0;0;0;1;1;0;1;1;5.0;1.5
MS;F;16;R;GT3;T;1;1;4;4;0;0;1;0;0;0;1;1;0;4;3;2;1;1;1;0;13;10;13;0;por;0;1;0;1;1;0;0;1;0;0;0;1;0;0;1;0;0;0;0;1;0;1.0;1.0
MS;F;16;R;GT3;T;1;1;4;3;0;1;1;0;0;1;1;0;0;4;4;3;1;1;5;2;10;9;10;0;por;2;1;0;1;1;0;0;0;0;0;0;1;0;0;0;1;0;0;0;1;0;1.0;1.0
MS;F;15;R;GT3;T;1;1;2;2;0;0;1;0;1;1;1;1;0;4;3;3;1;1;2;1;11;10;11;0;por;1;1;0;1;1;0;0;0;0;0;0;1;0;0;1;0;0;0;0;1;0;1.0;1.0
MS;F;16;R;GT3;T;1;1;2;1;0;0;0;0;1;1;1;1;1;4;2;2;4;3;2;0;13;12;14;0;por;0;1;0;1;1;0;0;0;0;0;0;1;0;0;0;1;0;1;0;1;1;3.5;1.0
MS;F;15;R;GT3;T;1;1;3;2;0;0;1;0;0;1;1;0;0;4;2;1;1;2;2;0;13;14;14;0;por;0;1;0;1;1;0;0;0;0;0;0;0;0;0;0;0;0;0;0;1;1;1.5;1.0
MS;F;15;R;LE3;T;2;2;1;3;0;1;1;0;0;1;1;0;0;4;4;3;2;2;5;2;14;11;12;0;por;2;1;0;0;1;0;0;1;0;0;0;1;0;0;0;1;0;0;0;1;-2;2.0;2.0
MS;M;16;R;GT3;T;1;1;2;1;0;0;0;0;1;1;1;0;0;3;4;4;3;4;5;6;11;11;11;0;por;6;0;0;1;1;0;0;0;0;0;0;1;0;0;0;1;0;0;0;1;0;3.5;1.0
MS;F;18;U;GT3;T;1;2;1;2;1;0;1;0;1;1;1;1;1;3;4;4;2;3;5;9;9;8;8;0;por;9;1;1;1;1;0;0;1;0;0;0;1;0;0;0;0;0;0;0;0;-1;2.5;1.5
MS;M;15;U;GT3;T;3;1;2;1;0;0;1;0;0;1;1;0;0;3;2;3;1;3;4;0;10;9;11;0;por;0;0;1;1;1;0;0;1;0;0;0;0;1;0;1;0;0;1;0;1;1;2.0;2.0
MS;F;16;R;GT3;T;2;2;3;2;0;0;1;0;1;1;1;1;0;5;3;4;1;1;2;1;14;13;14;0;por;1;1;0;1;1;0;0;1;0;0;0;0;1;0;0;0;0;0;0;1;0;1.0;2.0
MS;M;15;U;GT3;T;2;2;3;1;0;0;0;0;0;1;1;0;0;4;3;3;1;2;4;1;13;12;13;0;por;1;0;1;1;1;0;1;0;0;0;0;1;0;0;0;0;1;1;0;1;0;1.5;2.0
MS;M;16;U;GT3;T;4;4;1;2;0;0;1;0;1;1;1;0;1;4;3;1;1;1;3;0;13;12;13;0;por;0;0;1;1;1;0;0;1;0;0;0;0;0;1;0;0;0;0;0;1;0;1.0;4.0
MS;F;15;R;GT3;T;3;3;1;2;0;0;1;0;0;1;1;1;1;4;5;4;1;1;1;4;13;12;12;0;por;4;1;0;1;1;0;0;0;1;0;0;1;0;0;0;0;1;1;0;1;-1;1.0;3.0
MS;F;16;R;GT3;T;2;2;2;2;1;0;1;0;1;0;1;0;0;4;4;4;2;3;5;2;12;11;12;0;por;2;1;0;1;1;0;0;0;0;0;0;1;0;0;0;0;0;1;0;1;0;2.5;2.0
MS;F;16;R;LE3;T;2;2;3;1;0;0;1;0;1;1;1;0;1;4;3;2;1;1;4;0;14;14;16;0;por;0;1;0;0;1;0;0;1;0;0;0;1;0;0;1;0;0;0;0;1;2;1.0;2.0
MS;M;16;U;LE3;T;2;1;2;1;0;0;1;0;1;1;1;1;0;2;4;3;2;3;4;4;10;8;10;0;por;4;0;1;0;1;0;0;0;0;0;0;0;1;0;0;0;0;1;0;1;0;2.5;1.5
MS;M;15;R;LE3;T;1;3;3;1;0;0;1;0;1;1;1;1;0;4;2;4;3;5;3;2;10;11;11;0;por;2;0;0;0;1;0;0;0;0;0;0;1;0;0;0;0;1;0;0;1;1;4.0;2.0
MS;F;15;U;GT3;T;2;2;2;3;0;0;1;0;1;1;1;0;0;5;3;2;1;1;4;0;12;13;14;0;por;0;1;1;1;1;0;0;1;0;0;0;0;1;0;0;0;0;1;0;1;2;1.0;2.0
MS;F;16;R;LE3;T;2;1;1;1;0;0;1;0;0;1;1;1;1;5;4;3;1;1;5;2;10;8;8;0;por;2;1;0;0;1;0;0;1;0;0;0;1;0;0;1;0;0;1;0;0;-2;1.0;1.5
MS;M;15;U;GT3;T;3;3;2;1;0;0;1;0;1;0;1;1;0;4;3;3;2;4;3;11;12;10;11;0;por;11;0;1;1;1;0;0;0;1;0;0;0;1;0;0;0;0;0;0;1;-1;3.0;3.0
MS;F;16;R;GT3;T;1;1;2;2;3;1;1;0;0;1;1;0;0;3;4;3;1;1;1;0;7;7;8;0;por;0;1;0;1;1;0;0;0;0;0;0;1;0;0;0;0;0;0;0;0;1;1.0;1.0
MS;F;17;U;GT3;T;2;2;1;1;0;0;1;0;1;1;0;0;0;4;5;3;1;1;5;4;9;9;10;0;por;4;1;1;1;1;0;0;1;0;0;0;0;0;0;0;0;0;1;0;1;1;1.0;2.0
MS;F;19;U;GT3;T;2;3;1;1;1;0;0;0;0;1;0;1;1;4;4;4;1;1;2;0;9;9;10;0;por;0;1;1;1;1;0;0;0;0;0;0;0;1;0;0;0;0;0;1;1;1;1.0;2.5
MS;F;17;R;GT3;T;2;1;3;1;0;0;1;0;1;1;0;0;1;5;5;3;1;1;3;2;9;10;11;0;por;2;1;0;1;1;0;0;0;0;0;0;1;0;0;0;0;0;1;0;1;2;1.0;1.5
MS;F;15;R;LE3;T;1;1;2;1;0;0;1;0;0;1;0;0;1;5;2;1;1;3;4;0;9;10;9;0;por;0;1;0;0;1;0;0;0;0;0;0;1;0;0;0;0;0;1;0;0;0;2.0;1.0
MS;F;16;R;GT3;T;2;2;3;2;0;0;1;0;0;1;0;1;0;3;4;5;1;2;1;1;9;10;11;0;por;1;1;0;1;1;0;0;1;0;0;0;1;0;0;0;0;0;0;0;1;2;1.5;2.0
MS;F;16;U;LE3;A;2;2;1;1;0;0;1;0;0;1;0;0;0;4;3;4;1;2;1;6;7;7;8;0;por;6;1;1;0;0;0;0;1;0;0;0;1;0;0;1;0;0;1;0;0;1;1.5;2.0
MS;F;17;R;GT3;T;2;2;2;2;0;0;1;0;0;1;1;1;0;4;3;5;1;2;4;0;11;10;11;0;por;0;1;0;1;1;0;0;0;0;0;0;1;0;0;0;0;0;1;0;1;0;1.5;2.0
MS;F;16;U;GT3;T;2;2;1;1;1;0;1;1;1;0;1;1;0;4;4;3;1;4;3;1;9;10;10;0;por;1;1;1;1;1;0;0;1;0;0;0;0;1;0;0;0;0;0;0;1;1;2.5;2.0
MS;F;18;R;LE3;A;3;2;2;3;2;0;1;0;0;0;0;0;1;3;3;2;1;1;2;6;7;9;10;0;por;6;1;0;0;0;0;0;1;0;0;0;1;0;0;0;0;0;0;1;1;3;1.0;2.5
MS;F;19;U;GT3;T;1;1;1;3;1;0;0;0;1;1;0;0;1;5;3;1;1;1;3;6;7;9;9;0;por;6;1;1;1;1;0;0;0;0;0;0;0;1;0;0;0;0;1;0;0;2;1.0;1.0
MS;M;18;R;GT3;T;1;1;2;1;1;0;0;0;1;1;0;1;0;4;4;3;3;4;4;0;8;9;10;0;por;0;0;0;1;1;0;0;1;0;0;0;1;0;0;1;0;0;1;0;1;2;3.5;1.0
MS;F;18;R;GT3;T;1;1;2;1;1;0;0;0;0;0;0;1;1;3;2;3;1;1;2;4;9;11;10;0;por;4;1;0;1;1;0;0;0;0;0;0;0;0;0;0;0;0;1;0;1;1;1.0;1.0
MS;F;19;U;GT3;T;1;1;2;2;1;0;1;0;0;1;1;1;1;1;1;4;4;1;1;12;7;8;9;0;por;12;1;1;1;1;0;0;1;0;0;0;1;0;0;0;0;0;0;1;0;2;2.5;1.0
MS;F;16;R;GT3;A;2;2;1;2;0;0;0;0;0;0;1;0;1;3;3;2;1;1;3;2;8;10;10;0;por;2;1;0;1;0;0;1;0;0;0;0;1;0;0;0;0;0;1;0;1;2;1.0;2.0
MS;F;17;U;GT3;T;0;1;2;1;0;0;0;0;1;0;1;0;0;2;4;4;3;5;5;5;9;9;10;0;por;5;1;1;1;1;0;0;1;0;0;0;0;0;0;0;0;0;0;0;1;1;4.0;0.5
MS;F;16;R;LE3;T;1;2;1;2;0;0;0;0;1;1;0;1;0;4;4;5;1;3;3;0;8;9;9;0;por;0;1;0;0;1;0;0;0;0;0;0;1;0;0;0;0;0;1;0;0;1;2.0;1.5
MS;F;16;U;GT3;T;3;3;1;1;0;0;0;0;1;1;0;1;1;4;5;4;1;1;4;0;14;13;13;0;por;0;1;1;1;1;0;0;1;0;0;0;1;0;0;0;0;1;1;0;1;-1;1.0;3.0
MS;F;16;R;LE3;T;1;1;1;1;0;0;1;0;1;1;1;1;1;4;4;4;2;2;4;2;14;14;14;0;por;2;1;0;0;1;0;0;0;1;0;0;0;1;0;1;0;0;1;0;1;0;2.0;1.0
MS;M;17;U;GT3;T;3;3;2;4;1;0;1;1;1;1;1;0;0;5;4;5;3;4;5;0;10;11;10;0;por;0;0;1;1;1;0;0;0;1;0;0;0;0;0;0;0;0;1;0;1;0;3.5;3.0
MS;F;16;U;GT3;T;2;1;1;2;0;0;1;0;1;1;1;1;0;5;3;3;1;1;1;0;14;13;14;0;por;0;1;1;1;1;0;0;1;0;0;0;0;1;0;0;0;0;1;0;1;0;1.0;1.5
MS;F;16;U;GT3;T;2;2;1;1;0;0;1;1;1;1;1;0;1;4;2;5;1;2;5;0;17;16;16;0;por;0;1;1;1;1;0;0;0;1;0;0;1;0;0;0;0;0;1;0;1;-1;1.5;2.0
MS;M;17;U;GT3;T;1;2;1;1;1;0;1;0;1;1;0;1;1;5;3;5;5;5;1;12;6;7;7;0;por;12;0;1;1;1;0;0;1;0;0;0;1;0;0;0;0;0;0;0;0;1;5.0;1.5
MS;M;16;U;LE3;T;4;3;1;1;0;0;0;0;1;1;1;1;0;4;2;5;1;5;5;8;14;12;13;0;por;8;0;1;0;1;0;0;1;0;0;0;1;0;0;0;0;0;0;0;1;-1;3.0;3.5
MS;M;17;R;LE3;T;2;2;3;4;1;0;1;0;0;1;1;0;0;1;3;5;3;5;3;2;10;8;9;0;por;2;0;0;0;1;0;0;0;1;0;0;0;1;0;0;1;0;1;0;0;-1;4.0;2.0
MS;F;16;U;GT3;T;1;1;1;4;0;1;1;0;1;1;1;1;0;2;2;1;1;1;5;0;14;14;14;0;por;0;1;1;1;1;0;0;1;0;0;0;1;0;0;0;0;0;0;1;1;0;1.0;1.0
MS;F;19;U;LE3;T;2;2;1;3;0;0;0;0;0;1;1;1;1;5;4;5;1;1;1;0;12;13;13;0;por;0;1;1;0;1;0;0;1;0;0;0;1;0;0;1;0;0;1;0;1;1;1.0;2.0
MS;F;17;R;GT3;T;1;1;2;1;0;0;1;0;1;0;1;1;1;4;4;5;1;2;5;0;11;11;11;0;por;0;1;0;1;1;0;0;0;0;0;0;1;0;0;0;0;1;1;0;1;0;1.5;1.0
MS;F;20;U;GT3;T;3;3;2;2;1;0;0;0;1;1;1;1;1;3;3;4;2;4;3;8;11;9;10;0;por;8;1;1;1;1;0;0;0;0;0;0;0;1;0;0;1;0;1;0;1;-1;3.0;3.0
MS;F;17;U;LE3;T;1;1;1;3;0;0;1;0;0;1;1;0;1;4;3;3;1;1;3;0;11;11;10;0;por;0;1;1;0;1;0;0;1;0;0;0;0;1;0;0;0;0;0;0;1;-1;1.0;1.0
MS;M;17;R;GT3;T;2;2;3;1;1;0;1;0;0;0;1;1;0;4;4;5;1;2;5;0;10;9;9;0;por;0;0;0;1;1;0;0;1;0;0;0;1;0;0;0;0;0;1;0;0;-1;1.5;2.0
MS;F;16;R;LE3;T;1;1;3;2;0;0;1;0;0;1;1;0;0;5;3;2;1;1;1;0;16;17;18;0;por;0;1;0;0;1;0;0;0;0;0;0;1;0;0;0;0;0;0;0;1;2;1.0;1.0
MS;F;17;R;GT3;T;2;2;2;2;0;0;1;0;1;1;1;0;0;5;3;2;1;1;1;0;15;17;17;0;por;0;1;0;1;1;0;0;1;0;0;0;1;0;0;0;0;1;1;0;1;2;1.0;2.0
MS;F;17;U;GT3;A;1;0;2;2;0;0;0;0;0;1;1;1;1;4;4;5;1;1;4;1;11;9;10;0;por;1;1;1;1;0;0;0;1;0;0;0;1;0;0;0;1;0;1;0;1;-1;1.0;0.5
MS;F;18;R;GT3;T;1;1;1;2;1;0;1;0;0;1;1;1;1;4;3;2;1;1;5;9;7;7;7;0;por;9;1;0;1;1;0;0;0;0;0;0;1;0;0;0;1;0;1;0;0;0;1.0;1.0
MS;F;16;U;GT3;T;3;1;1;1;0;0;0;0;1;1;1;1;0;3;1;3;1;3;1;0;8;6;8;0;por;0;1;1;1;1;0;0;1;0;0;0;1;0;0;0;0;0;1;0;0;0;2.0;2.0
MS;F;16;U;GT3;T;3;2;1;1;0;0;0;0;0;1;1;1;0;3;1;3;1;4;3;2;7;6;7;0;por;2;1;1;1;1;0;0;0;1;0;0;0;0;0;0;0;0;1;0;0;0;2.5;2.5
MS;F;18;U;LE3;T;1;1;2;2;0;1;0;0;0;1;1;0;0;2;3;5;1;4;3;8;9;8;10;0;por;8;1;1;0;1;0;0;1;0;0;0;0;0;0;0;0;1;1;0;1;1;2.5;1.0
MS;F;16;R;GT3;T;4;4;1;2;0;0;0;0;1;0;1;1;1;4;3;3;2;3;2;0;14;16;16;0;por;0;1;0;1;1;0;1;0;0;0;0;0;0;1;0;0;1;0;0;1;2;2.5;4.0
MS;F;16;R;LE3;T;1;2;2;1;0;0;0;0;1;1;1;1;0;5;4;5;1;4;2;0;14;14;15;0;por;0;1;0;0;1;0;0;1;0;0;0;1;0;0;0;0;1;1;0;1;1;2.5;1.5
MS;F;18;U;GT3;A;2;4;1;2;1;0;1;0;0;1;1;1;0;2;3;2;1;3;1;8;8;5;8;0;por;8;1;1;1;0;0;0;1;0;0;0;0;1;0;0;0;1;0;0;0;0;2.0;3.0
MS;M;16;R;GT3;T;2;1;2;2;0;0;0;0;1;1;1;1;0;5;2;1;1;1;2;0;8;7;0;0;por;0;0;0;1;1;0;0;1;0;0;0;0;1;0;0;0;1;1;0;0;-8;1.0;1.5
MS;F;16;U;LE3;T;1;1;3;2;0;0;1;0;0;1;1;1;0;4;3;2;1;3;5;6;6;8;8;0;por;6;1;1;0;1;0;0;0;0;0;0;1;0;0;0;1;0;1;0;0;2;2.0;1.0
MS;F;16;R;GT3;T;2;3;2;2;0;0;1;0;1;1;1;1;0;3;3;3;1;1;2;0;8;10;10;0;por;0;1;0;1;1;0;0;0;0;0;0;0;1;0;0;1;0;1;0;1;2;1.0;2.5
MS;F;16;U;GT3;T;4;4;1;2;0;0;1;0;0;1;1;1;1;4;3;4;1;2;3;4;8;8;8;0;por;4;1;1;1;1;0;1;0;0;0;1;0;0;0;0;0;0;1;0;0;0;1.5;4.0
MS;M;18;U;LE3;T;4;4;1;4;0;0;1;0;1;1;0;1;1;5;5;5;5;5;5;2;5;6;6;0;por;2;0;1;0;1;0;0;0;0;0;1;0;0;0;1;0;0;1;0;0;1;5.0;4.0
MS;F;16;R;LE3;T;3;4;3;2;0;0;1;0;0;0;1;0;0;4;2;1;1;1;2;2;7;9;8;0;por;2;1;0;0;1;0;0;0;0;0;0;1;0;0;0;1;0;1;0;0;1;1.0;3.5
MS;M;17;U;LE3;T;4;4;1;3;0;0;1;0;0;1;1;1;0;4;4;3;1;2;5;0;15;14;16;0;por;0;0;1;0;1;0;0;1;0;0;0;0;1;0;1;0;0;1;0;1;1;1.5;4.0
MS;F;17;R;GT3;T;4;1;1;1;0;0;0;0;0;1;1;1;1;4;2;3;1;2;5;1;13;14;14;0;por;1;1;0;1;1;0;0;1;0;0;0;1;0;0;0;1;0;1;0;1;1;1.5;2.5
MS;M;16;U;LE3;T;2;2;4;3;0;0;0;0;0;1;1;0;0;5;1;3;2;2;3;0;10;9;10;0;por;0;0;1;0;1;0;0;0;1;0;0;0;1;0;0;1;0;1;0;1;0;2.0;2.0
MS;F;17;R;GT3;T;2;2;1;1;0;0;1;1;0;1;1;1;0;5;1;3;1;2;5;5;9;9;9;0;por;5;1;0;1;1;0;0;0;0;0;0;1;0;0;0;1;0;1;0;0;0;1.5;2.0
MS;F;16;U;LE3;T;4;4;2;1;0;0;1;0;0;1;1;0;0;5;1;3;1;2;5;1;11;11;11;0;por;1;1;1;0;1;0;0;0;1;0;0;0;1;0;0;1;0;0;0;1;0;1.5;4.0
MS;M;17;U;GT3;T;3;3;1;1;0;0;1;0;1;1;1;1;0;4;1;4;5;5;3;8;7;10;9;0;por;8;0;1;1;1;0;0;0;1;0;0;0;1;0;1;0;0;1;0;0;2;5.0;3.0
MS;M;17;U;GT3;T;1;1;3;2;0;0;0;0;0;1;1;1;1;5;1;3;3;3;1;0;10;10;10;0;por;0;0;1;1;1;0;0;0;0;0;0;0;1;0;0;1;0;1;0;1;0;3.0;1.0
MS;M;16;U;GT3;T;2;1;2;2;0;0;0;0;0;0;1;1;1;4;2;2;1;4;5;2;9;7;8;0;por;2;0;1;1;1;0;1;0;0;0;0;0;1;0;0;1;0;1;0;0;-1;2.5;1.5
MS;F;16;U;LE3;T;2;1;1;2;0;0;0;0;0;1;1;1;1;3;2;2;1;1;3;0;14;15;16;0;por;0;1;1;0;1;0;0;1;0;0;0;0;1;0;0;1;0;1;0;1;2;1.0;1.5
MS;M;16;U;LE3;T;4;4;1;1;0;0;1;0;0;1;1;1;0;4;1;2;2;5;5;0;11;12;12;0;por;0;0;1;0;1;0;0;0;0;1;1;0;0;0;0;1;0;0;0;1;1;3.5;4.0
MS;M;15;R;GT3;T;1;2;3;2;0;0;1;0;1;1;1;0;0;5;5;5;1;3;5;11;9;11;10;0;por;11;0;0;1;1;0;0;1;0;0;0;0;1;0;0;0;0;1;0;1;1;2.0;1.5
MS;M;15;U;LE3;A;2;2;3;4;0;0;1;0;1;1;1;0;0;5;4;5;2;3;5;8;13;14;14;0;por;8;0;1;0;0;0;0;1;0;0;0;1;0;0;0;0;1;1;0;1;1;2.5;2.0
MS;M;15;U;LE3;A;2;1;1;1;0;0;0;0;1;1;1;1;0;4;3;3;1;2;5;11;12;13;12;0;por;11;0;1;0;0;0;0;0;1;0;0;0;1;0;0;0;0;1;0;1;0;1.5;1.5
MS;F;16;R;LE3;T;2;2;1;3;0;0;1;0;0;0;1;0;1;4;3;3;2;2;5;2;11;11;11;0;por;2;1;0;0;1;0;0;1;0;0;0;1;0;0;0;0;0;1;0;1;0;2.0;2.0
MS;F;16;U;LE3;T;4;1;2;2;0;0;1;0;1;1;1;1;0;1;2;4;2;2;1;8;9;10;10;0;por;8;1;1;0;1;0;0;1;0;0;0;1;0;0;1;0;0;1;0;1;1;2.0;2.5
MS;F;17;U;GT3;T;3;2;2;1;0;0;0;0;0;1;1;0;1;4;3;3;2;2;1;5;9;11;11;0;por;5;1;1;1;1;0;0;0;0;0;0;1;0;0;1;0;0;1;0;1;2;2.0;2.5
MS;F;17;R;GT3;T;2;2;2;2;0;1;0;1;0;1;1;0;0;5;1;3;1;1;5;0;11;9;11;0;por;0;1;0;1;1;0;0;1;0;0;0;1;0;0;0;1;0;1;0;1;0;1.0;2.0
MS;F;16;U;GT3;T;4;4;2;3;0;0;1;0;0;1;1;1;1;5;3;5;1;4;5;1;10;11;12;0;por;1;1;1;1;1;0;0;0;0;1;0;0;1;0;0;0;0;1;0;1;2;2.5;4.0
MS;M;17;R;GT3;T;4;4;3;1;3;0;0;0;1;1;1;1;1;3;3;3;1;3;5;2;9;9;8;0;por;2;0;0;1;1;0;1;0;0;0;0;1;0;0;0;0;0;0;0;0;-1;2.0;4.0
MS;M;17;R;LE3;T;1;3;2;1;0;0;0;0;1;1;1;0;1;5;1;2;3;3;5;2;12;11;12;0;por;2;0;0;0;1;0;0;1;0;0;0;1;0;0;0;0;0;0;0;1;0;3.0;2.0
MS;M;17;U;GT3;T;3;4;1;2;1;0;1;0;1;0;1;1;1;5;4;4;3;4;5;8;8;9;8;0;por;8;0;1;1;1;0;0;0;1;0;0;1;0;0;0;1;0;1;0;0;0;3.5;3.5
MS;F;17;U;GT3;T;4;4;1;2;0;0;1;0;0;1;1;1;0;5;2;5;1;1;5;0;13;15;16;0;por;0;1;1;1;1;0;1;0;0;0;1;0;0;0;0;0;0;0;0;1;3;1.0;4.0
MS;M;16;R;LE3;T;4;1;1;1;0;0;0;0;0;1;1;1;0;4;1;2;2;1;2;0;10;11;11;0;por;0;0;0;0;1;0;0;1;0;0;0;0;0;0;0;1;0;0;0;1;1;1.5;2.5
MS;F;17;U;GT3;A;1;1;1;2;0;0;0;0;1;1;1;1;1;4;5;5;1;2;3;2;11;10;11;0;por;2;1;1;1;0;0;0;0;0;0;0;0;0;0;0;1;0;1;0;1;0;1.5;1.0
MS;F;17;R;GT3;T;4;2;2;2;0;1;1;0;0;0;1;1;0;4;3;3;2;3;5;0;17;18;18;0;por;0;1;0;1;1;0;0;1;0;0;0;1;0;0;0;0;0;1;0;1;1;2.5;3.0
MS;M;16;U;LE3;A;2;2;2;2;0;0;1;0;0;0;1;1;1;4;1;2;2;2;5;0;12;13;13;0;por;0;0;1;0;0;0;0;1;0;0;0;0;1;0;0;0;0;0;0;1;1;2.0;2.0
MS;M;17;U;GT3;T;3;2;2;2;0;0;1;1;0;1;1;1;0;4;1;2;2;2;1;0;13;14;13;0;por;0;0;1;1;1;0;0;1;0;0;0;1;0;0;0;1;0;0;0;1;0;2.0;2.5
MS;M;19;U;GT3;T;1;1;1;2;2;0;1;0;1;1;0;1;0;4;4;3;3;4;4;2;9;9;10;0;por;2;0;1;1;1;0;0;1;0;0;0;1;0;0;0;1;0;1;0;1;1;3.5;1.0
MS;M;17;U;LE3;A;1;0;1;1;0;0;0;0;0;1;1;0;1;4;1;2;1;1;5;4;11;11;12;0;por;4;0;1;0;0;0;0;1;0;0;0;1;0;0;1;0;0;1;0;1;1;1.0;0.5
MS;F;17;R;GT3;T;1;1;2;1;0;0;1;0;1;1;0;1;1;3;5;5;2;2;4;3;10;11;10;0;por;3;1;0;1;1;0;0;0;0;0;0;0;0;0;0;0;0;0;0;1;0;2.0;1.0
MS;F;16;R;GT3;T;1;2;1;3;0;1;1;0;0;0;1;1;1;4;3;4;1;1;3;5;13;14;13;0;por;5;1;0;1;1;0;0;1;0;0;0;1;0;0;1;0;0;0;0;1;0;1.0;1.5
MS;M;16;R;LE3;T;1;2;1;1;0;0;0;0;0;1;1;0;0;4;4;4;2;4;5;4;9;10;11;0;por;4;0;0;0;1;0;0;1;0;0;0;0;0;0;0;0;0;1;0;1;2;3.0;1.5
MS;F;17;R;GT3;T;3;1;2;2;3;0;1;0;1;0;1;1;1;5;4;4;1;1;5;2;7;9;10;0;por;2;1;0;1;1;0;0;1;0;0;0;1;0;0;0;0;0;1;0;1;3;1.0;2.0
MS;M;17;R;GT3;T;2;2;2;1;0;0;0;0;1;1;0;0;1;5;5;5;3;5;5;0;8;13;10;0;por;0;0;0;1;1;0;0;1;0;0;0;1;0;0;0;0;0;1;0;1;2;4.0;2.0
MS;M;18;R;GT3;T;1;0;3;1;1;1;1;0;0;1;1;0;0;4;3;2;1;1;4;0;12;12;13;0;por;0;0;0;1;1;0;0;0;0;0;0;0;0;0;0;0;0;0;1;1;1;1.0;0.5
MS;M;17;R;GT3;T;1;1;2;1;0;0;1;0;1;0;1;1;1;4;5;5;1;3;2;0;10;9;10;0;por;0;0;0;1;1;0;0;1;0;0;0;0;1;0;0;0;0;1;0;1;0;2.0;1.0
MS;M;18;U;LE3;T;1;1;2;2;0;0;1;0;1;1;1;0;0;4;3;3;1;4;5;6;10;9;10;0;por;6;0;1;0;1;0;0;0;0;0;0;0;0;0;0;0;0;1;0;1;0;2.5;1.0
MS;F;16;R;LE3;T;2;2;1;2;0;0;0;0;1;1;1;0;1;5;4;3;1;1;1;0;11;13;12;0;por;0;1;0;0;1;0;0;1;0;0;0;0;1;0;0;0;0;0;0;1;1;1.0;2.0
MS;M;17;U;GT3;T;2;2;1;1;1;0;0;0;1;1;1;0;1;1;2;1;2;3;5;0;7;0;0;1;por;0;0;1;1;1;0;0;1;0;0;0;1;0;0;0;0;0;1;0;0;-7;2.5;2.0
MS;M;16;R;GT3;T;3;2;2;1;0;0;0;0;0;1;1;1;0;4;5;5;2;3;5;2;11;9;10;0;por;2;0;0;1;1;0;0;0;1;0;0;1;0;0;0;0;0;0;0;1;-1;2.5;2.5
MS;M;16;R;LE3;T;1;1;2;1;0;0;0;0;1;1;1;1;0;4;5;5;2;4;5;0;10;10;9;0;por;0;0;0;0;1;0;0;0;0;0;0;1;0;0;0;0;0;1;0;0;-1;3.0;1.0
MS;M;18;R;GT3;T;1;1;2;1;1;0;1;0;0;1;0;1;1;5;3;3;2;3;5;2;9;7;9;0;por;2;0;0;1;1;0;0;0;1;0;0;1;0;0;0;0;0;0;1;0;0;2.5;1.0
MS;M;18;R;GT3;T;3;2;1;1;1;0;0;0;0;1;0;1;0;2;3;1;2;2;5;0;4;0;0;1;por;0;0;0;1;1;0;0;0;1;0;0;1;0;0;0;0;0;1;0;0;-4;2.0;2.5
MS;M;19;U;GT3;T;3;2;2;1;3;0;0;0;1;1;1;0;0;3;2;1;1;1;3;4;6;11;9;0;por;4;0;1;1;1;0;0;0;0;0;0;0;1;0;0;0;0;1;0;0;3;1.0;2.5
MS;M;18;U;GT3;T;3;3;1;2;2;0;1;0;1;1;0;1;0;4;4;5;1;3;3;9;4;8;8;0;por;9;0;1;1;1;0;0;0;0;0;0;0;0;0;0;0;0;1;0;0;4;2.0;3.0
MS;M;16;R;GT3;T;2;2;2;1;0;0;1;0;1;1;1;1;1;5;4;3;2;4;4;6;7;8;8;0;por;6;0;0;1;1;0;0;0;1;0;0;0;1;0;0;0;0;1;0;0;1;3.0;2.0
MS;M;19;U;GT3;T;2;1;2;1;3;0;0;0;1;0;0;1;1;4;4;3;1;3;5;4;8;9;9;0;por;4;0;1;1;1;0;0;0;0;0;0;1;0;0;0;0;0;0;1;0;1;2.0;1.5
MS;F;16;U;GT3;A;3;2;2;2;2;0;1;0;1;1;1;0;1;2;5;5;1;1;1;8;5;5;7;0;por;8;1;1;1;0;0;0;0;1;0;0;0;0;0;0;0;0;1;0;0;2;1.0;2.5
MS;F;17;U;GT3;T;1;1;1;1;0;0;1;0;1;1;1;0;0;4;3;2;1;2;5;9;7;9;10;0;por;9;1;1;1;1;0;0;1;0;0;0;0;0;0;0;0;0;1;0;1;3;1.5;1.0
MS;M;20;R;GT3;T;1;1;2;1;1;0;1;0;0;1;0;1;1;4;4;3;2;4;4;12;8;11;10;0;por;12;0;0;1;1;0;0;1;0;0;0;1;0;0;0;0;0;0;1;1;2;3.0;1.0
MS;F;18;R;GT3;A;4;3;1;1;0;0;1;0;0;1;1;1;0;5;4;4;3;4;2;8;10;11;10;0;por;8;1;0;1;0;0;0;0;1;0;0;0;1;0;0;0;0;1;0;1;0;3.5;3.5
MS;M;18;R;GT3;T;3;2;2;1;0;0;1;0;0;0;1;1;0;2;5;5;5;5;5;8;9;10;11;0;por;8;0;0;1;1;0;0;1;0;0;0;1;0;0;0;0;0;1;0;1;2;5.0;2.5
MS;M;19;R;GT3;T;1;1;3;2;1;0;0;0;0;1;1;1;0;5;4;4;3;3;2;8;10;9;11;0;por;8;0;0;1;1;0;0;1;0;0;0;0;1;0;1;0;0;0;1;1;1;3.0;1.0
MS;M;17;U;GT3;T;3;3;2;2;1;0;1;0;0;1;1;1;0;4;5;4;2;3;3;4;8;9;10;0;por;4;0;1;1;1;0;1;0;0;0;0;1;0;0;0;0;0;1;0;1;2;2.5;3.0
MS;M;18;U;LE3;T;1;3;1;1;0;0;0;0;0;1;0;1;1;4;3;3;2;3;3;0;9;10;9;0;por;0;0;1;0;1;0;0;0;0;0;0;0;1;0;0;0;0;1;0;0;0;2.5;2.0
MS;M;19;R;GT3;T;1;1;3;1;1;0;1;0;0;1;1;1;0;4;4;4;3;3;5;4;8;9;10;0;por;4;0;0;1;1;0;0;1;0;0;0;1;0;0;1;0;0;0;1;1;2;3.0;1.0
MS;F;18;U;GT3;A;1;2;2;2;2;0;1;0;0;1;1;0;0;4;3;3;1;1;5;2;6;8;8;0;por;2;1;1;1;0;0;0;0;0;0;0;1;0;0;0;0;0;1;0;0;2;1.0;1.5
MS;F;19;U;LE3;A;1;1;1;1;0;0;1;0;0;1;0;0;0;1;4;4;1;1;5;0;6;8;7;0;por;0;1;1;0;0;0;0;0;0;0;0;1;0;0;0;0;0;1;0;0;1;1.0;1.0
MS;F;18;R;GT3;T;2;2;2;1;1;0;0;0;0;1;0;1;1;5;5;5;1;1;3;0;8;6;0;0;por;0;1;0;1;1;0;0;1;0;0;0;1;0;0;0;1;0;1;0;0;-8;1.0;2.0
MS;F;17;R;GT3;T;0;0;2;1;0;0;1;0;0;1;1;1;0;4;4;3;1;1;5;0;10;11;11;0;por;0;1;0;1;1;0;0;0;0;0;0;1;0;0;0;0;0;1;0;1;1;1.0;0.0
MS;F;17;R;LE3;A;3;1;2;3;0;0;1;1;0;1;0;0;0;4;2;3;2;2;3;5;8;7;8;0;por;5;1;0;0;0;0;0;1;0;0;0;0;0;0;0;0;0;0;1;0;0;2.0;2.0
MS;F;17;U;GT3;T;4;2;1;2;0;1;1;0;1;1;1;1;0;5;5;5;1;3;5;0;8;8;0;0;por;0;1;1;1;1;0;0;0;0;1;0;0;1;0;1;0;0;1;0;0;-8;2.0;3.0
MS;F;18;R;LE3;T;2;2;1;2;1;0;1;0;1;1;1;1;0;2;3;3;1;2;4;3;7;6;8;0;por;3;1;0;0;1;0;0;0;1;0;0;0;1;0;0;0;0;1;0;0;1;1.5;2.0
MS;F;17;U;GT3;T;4;1;1;1;0;0;1;0;0;1;1;0;1;3;2;2;1;1;5;0;8;10;9;0;por;0;1;1;1;1;0;1;0;0;0;0;0;0;0;0;0;0;1;0;0;1;1.0;2.5
MS;F;17;U;LE3;T;1;2;1;1;0;0;0;0;0;1;1;1;0;5;5;1;1;1;3;0;7;10;10;0;por;0;1;1;0;1;0;0;0;0;0;0;1;0;0;0;0;0;0;0;1;3;1.0;1.5
MS;F;18;U;GT3;T;1;1;3;2;2;0;0;0;1;1;1;0;1;3;4;4;2;2;5;3;7;8;7;0;por;3;1;1;1;1;0;0;1;0;0;0;1;0;0;0;0;0;1;0;0;0;2.0;1.0
MS;F;18;U;GT3;T;2;2;2;2;0;0;0;0;1;0;1;1;0;4;3;5;1;1;1;2;12;13;14;0;por;2;1;1;1;1;0;0;0;1;0;0;0;0;0;0;0;1;0;0;1;2;1.0;2.0
MS;F;17;U;GT3;T;3;3;2;1;0;0;1;0;0;1;1;1;0;4;4;3;1;1;4;0;11;12;13;0;por;0;1;1;1;1;0;0;0;1;0;0;0;1;0;0;0;0;1;0;1;2;1.0;3.0
MS;F;18;U;LE3;A;1;2;2;2;0;0;0;0;0;1;1;1;0;4;4;3;1;2;4;0;12;13;14;0;por;0;1;1;0;0;0;0;0;0;0;0;1;0;0;0;0;1;1;0;1;2;1.5;1.5
MS;F;18;U;GT3;T;4;4;2;2;0;0;0;0;1;0;1;1;0;4;3;5;1;2;1;0;18;18;18;0;por;0;1;1;1;1;0;0;0;0;1;0;0;0;1;0;0;1;1;0;1;0;1.5;4.0
MS;M;18;U;LE3;T;4;4;1;1;0;0;1;0;1;1;1;1;0;5;4;5;1;1;5;3;17;17;17;0;por;3;0;1;0;1;0;0;0;1;0;0;1;0;0;0;0;1;1;0;1;0;1.0;4.0
MS;F;17;U;GT3;T;4;2;2;2;0;0;1;0;0;1;1;1;0;4;3;3;1;2;4;0;17;18;18;0;por;0;1;1;1;1;0;0;1;0;0;0;1;0;0;0;0;0;1;0;1;1;1.5;3.0
MS;F;18;R;GT3;T;2;2;3;2;1;0;0;0;1;1;1;0;1;4;3;3;1;1;4;0;9;0;0;1;por;0;1;0;1;1;0;0;0;0;0;0;1;0;0;0;0;0;1;0;0;-9;1.0;2.0
MS;M;18;U;LE3;T;1;2;2;1;0;0;1;0;0;0;1;0;0;4;1;4;5;5;1;8;10;11;11;0;por;8;0;1;0;1;0;0;0;0;0;0;0;1;0;1;0;0;1;0;1;1;5.0;1.5
MS;M;18;R;GT3;T;4;4;3;1;0;0;1;1;1;1;1;1;1;2;5;5;1;1;1;5;12;13;14;0;por;5;0;0;1;1;0;0;0;0;0;0;0;1;0;0;1;0;1;0;1;2;1.0;4.0
MS;M;17;R;GT3;T;1;1;3;1;0;0;0;0;0;0;0;0;0;4;2;3;3;4;4;4;12;13;14;0;por;4;0;0;1;1;0;0;1;0;0;0;0;1;0;0;1;0;0;0;1;2;3.5;1.0
MS;F;18;U;GT3;T;2;2;2;2;0;0;1;0;0;0;1;1;1;1;3;1;1;1;2;4;8;8;10;0;por;4;1;1;1;1;0;0;1;0;0;0;1;0;0;0;0;0;1;0;1;2;1.0;2.0
MS;F;18;U;LE3;T;2;2;2;3;0;0;0;0;0;1;1;1;1;5;4;5;1;4;3;0;11;12;13;0;por;0;1;1;0;1;0;0;0;1;0;0;0;1;0;0;0;0;0;0;1;2;2.5;2.0
MS;F;18;R;LE3;A;4;2;1;2;0;0;0;0;1;1;1;1;1;5;3;1;1;1;5;0;5;0;0;1;por;0;1;0;0;0;0;0;0;0;1;0;1;0;0;0;0;1;1;0;0;-5;1.0;3.0
MS;F;18;U;GT3;T;1;1;3;2;1;0;0;0;0;1;0;0;0;4;4;2;1;2;2;2;9;10;10;0;por;2;1;1;1;1;0;0;0;0;0;0;0;1;0;0;0;0;1;0;1;1;1.5;1.0
MS;F;19;U;GT3;T;1;1;2;1;1;0;0;0;0;1;0;0;0;5;5;5;2;3;2;0;5;0;0;1;por;0;1;1;1;1;0;0;0;0;0;0;0;1;0;0;1;0;0;0;0;-5;2.5;1.0
MS;F;17;U;GT3;T;4;2;2;4;0;0;0;0;0;1;1;1;1;4;2;3;3;1;5;0;18;18;18;0;por;0;1;1;1;1;0;0;0;0;1;0;1;0;0;0;0;0;0;0;1;0;2.0;3.0
MS;F;17;R;LE3;A;2;1;2;2;0;0;0;0;1;1;1;1;1;5;3;3;1;2;2;5;11;11;12;0;por;5;1;0;0;0;0;0;0;1;0;0;1;0;0;0;0;1;1;0;1;1;1.5;1.5
MS;F;18;U;LE3;A;1;1;1;2;0;0;0;0;0;1;1;0;1;5;2;3;1;2;3;2;8;10;11;0;por;2;1;1;0;0;0;0;0;0;0;0;0;1;0;0;0;0;1;0;1;3;1.5;1.0
MS;F;18;U;GT3;T;1;2;2;2;0;0;1;0;0;1;0;0;0;4;1;1;1;1;4;0;11;11;12;0;por;0;1;1;1;1;0;0;0;0;0;0;0;0;0;0;0;0;0;0;1;1;1.0;1.5
MS;F;19;R;GT3;A;1;1;2;2;3;0;1;0;1;1;0;0;1;3;5;4;1;4;1;0;8;0;0;1;por;0;1;0;1;0;0;0;0;0;0;0;0;0;0;0;0;0;0;1;0;-8;2.5;1.0
MS;F;18;R;GT3;T;2;2;2;3;0;0;0;0;0;1;1;1;1;4;2;1;1;1;4;5;14;14;15;0;por;5;1;0;1;1;0;0;0;1;0;0;1;0;0;1;0;0;1;0;1;1;1.0;2.0
MS;M;17;R;GT3;T;4;3;2;2;1;0;1;1;1;0;1;1;1;4;5;5;1;3;2;4;10;11;11;0;por;4;0;0;1;1;0;0;0;1;0;0;1;0;0;1;0;0;1;0;1;1;2.0;3.5
MS;F;18;U;GT3;T;3;3;1;2;0;0;1;0;0;1;1;0;1;5;3;4;1;1;5;0;10;10;10;0;por;0;1;1;1;1;0;0;0;1;0;0;0;1;0;0;0;0;0;0;1;0;1.0;3.0
MS;F;17;R;GT3;T;4;4;2;2;0;0;1;1;1;1;1;1;0;4;3;3;1;2;5;2;12;12;12;0;por;2;1;0;1;1;0;0;0;0;1;0;0;1;0;0;1;0;0;0;1;0;1.5;4.0
MS;F;17;U;LE3;A;3;2;2;2;0;0;0;0;0;1;1;0;1;1;2;3;1;2;5;0;15;14;15;0;por;0;1;1;0;0;0;0;0;1;0;0;1;0;0;0;0;1;1;0;1;0;1.5;2.5
MS;M;18;U;LE3;T;1;1;2;1;0;0;0;0;0;0;1;1;1;3;3;2;1;2;3;2;14;13;14;0;por;2;0;1;0;1;0;0;1;0;0;0;0;1;0;1;0;0;0;0;1;0;1.5;1.0
MS;F;18;U;LE3;T;1;1;2;3;0;0;0;0;0;1;1;1;0;5;3;2;1;1;4;0;19;17;18;0;por;0;1;1;0;1;0;0;0;0;0;0;0;1;0;0;0;0;0;0;1;-1;1.0;1.0
MS;F;18;R;LE3;A;1;2;3;2;0;0;0;0;0;1;1;0;1;4;3;4;1;4;5;0;16;15;15;0;por;0;1;0;0;0;0;0;0;0;0;0;1;0;0;0;0;0;1;0;1;-1;2.5;1.5
MS;F;18;U;GT3;T;3;3;2;2;0;0;1;0;0;1;1;1;1;4;3;2;1;3;3;6;13;12;13;0;por;6;1;1;1;1;0;0;0;1;0;0;0;1;0;0;1;0;1;0;1;0;2.0;3.0
MS;F;17;U;LE3;T;4;4;1;2;0;0;1;0;1;1;1;1;1;2;3;4;1;1;1;4;15;14;15;0;por;4;1;1;0;1;0;0;0;0;0;0;0;0;0;0;0;0;1;0;1;0;1.0;4.0
MS;F;17;R;GT3;T;1;2;2;2;0;0;0;0;0;0;1;0;0;3;2;2;1;2;3;0;13;13;13;0;por;0;1;0;1;1;0;0;1;0;0;0;0;1;0;0;0;0;0;0;1;0;1.5;1.5
MS;M;18;R;GT3;T;1;3;2;2;0;0;1;1;0;1;1;0;0;3;3;4;2;4;3;0;8;10;9;0;por;0;0;0;1;1;0;0;0;0;0;0;1;0;0;0;0;0;1;0;0;1;3.0;2.0
MS;M;18;U;LE3;T;4;4;2;3;0;0;0;0;0;1;1;1;1;4;2;2;2;2;5;0;15;16;16;0;por;0;0;1;0;1;0;0;0;0;1;0;0;1;0;0;1;0;1;0;1;1;2.0;4.0
MS;F;17;R;GT3;T;1;1;3;1;1;0;1;0;0;1;1;1;1;5;2;1;1;2;1;0;8;8;9;0;por;0;1;0;1;1;0;0;1;0;0;0;0;1;0;0;0;1;1;0;0;1;1.5;1.0
MS;F;18;U;GT3;T;2;3;2;1;0;0;1;0;0;1;1;1;1;5;2;3;1;2;4;0;10;10;10;0;por;0;1;1;1;1;0;0;0;0;0;0;0;1;0;0;0;0;0;0;1;0;1.5;2.5
MS;F;18;R;GT3;T;4;4;3;2;0;0;1;0;0;0;1;1;1;3;2;2;4;2;5;0;7;5;0;0;por;0;1;0;1;1;0;0;1;0;0;0;0;0;1;0;1;0;0;0;0;-7;3.0;4.0
MS;M;18;R;LE3;T;1;2;3;1;0;0;1;0;1;1;0;1;1;4;3;3;2;3;3;3;9;10;10;0;por;3;0;0;0;1;0;0;0;0;0;0;0;1;0;0;1;0;0;0;1;1;2.5;1.5
MS;F;17;U;GT3;T;2;2;1;3;0;0;0;0;1;1;1;0;1;3;4;3;1;1;3;8;10;11;12;0;por;8;1;1;1;1;0;0;1;0;0;0;0;0;0;1;0;0;1;0;1;2;1.0;2.0
MS;F;17;R;GT3;T;1;2;1;1;0;0;0;0;1;1;1;1;0;3;5;5;1;3;1;4;7;8;9;0;por;4;1;0;1;1;0;0;1;0;0;0;1;0;0;0;0;0;1;0;0;2;2.0;1.5
MS;F;18;R;LE3;T;4;4;2;3;0;0;0;0;0;1;1;1;0;5;4;4;1;1;1;0;15;17;17;0;por;0;1;0;0;1;0;0;1;0;0;0;1;0;0;0;0;1;1;0;1;2;1.0;4.0
MS;F;18;R;GT3;T;1;1;4;3;0;0;0;0;0;1;1;1;0;4;3;2;1;2;4;4;10;11;12;0;por;4;1;0;1;1;0;0;1;0;0;0;1;0;0;1;0;0;1;0;1;2;1.5;1.0
MS;F;19;R;GT3;T;1;1;2;2;1;0;1;0;0;1;1;1;1;4;3;3;1;1;3;4;7;8;9;0;por;4;1;0;1;1;0;0;0;0;0;0;1;0;0;0;0;0;0;1;0;2;1.0;1.0
MS;F;18;R;LE3;T;4;4;1;2;0;0;0;0;1;1;1;1;0;5;4;3;3;4;2;1;13;14;14;0;por;1;1;0;0;1;0;0;0;0;1;0;0;1;0;0;0;0;1;0;1;1;3.5;4.0
MS;F;18;U;GT3;T;3;3;1;2;0;0;0;0;0;1;1;1;1;4;1;3;1;2;1;1;16;16;16;0;por;1;1;1;1;1;0;0;1;0;0;0;1;0;0;1;0;0;1;0;1;0;1.5;3.0
MS;F;17;R;GT3;T;3;1;1;2;0;0;1;0;1;0;1;1;0;4;5;4;2;3;1;10;8;9;9;0;por;10;1;0;1;1;0;0;0;0;0;0;1;0;0;0;0;1;1;0;0;1;2.5;2.0
MS;M;18;U;GT3;T;4;4;1;2;0;0;0;0;1;0;1;1;0;3;2;4;1;4;2;4;17;18;19;0;por;4;0;1;1;1;0;0;0;0;1;0;0;0;1;1;0;0;0;0;1;2;2.5;4.0
MS;M;18;R;GT3;T;2;1;2;1;0;0;0;0;1;0;1;1;1;4;4;3;1;3;5;0;7;7;0;0;por;0;0;0;1;1;0;0;1;0;0;0;1;0;0;0;1;0;1;0;0;-7;2.0;1.5
MS;M;17;U;GT3;T;2;3;2;2;0;0;0;0;1;1;1;1;0;4;4;3;1;1;3;4;14;15;16;0;por;4;0;1;1;1;0;0;1;0;0;0;0;1;0;1;0;0;0;0;1;2;1.0;2.5
MS;M;19;R;GT3;T;1;1;2;1;1;0;0;0;0;1;1;0;0;4;3;2;1;3;5;0;5;8;0;0;por;0;0;0;1;1;0;0;1;0;0;0;0;1;0;0;1;0;1;0;0;-5;2.0;1.0
MS;M;18;R;GT3;T;4;2;2;1;1;0;0;1;0;1;1;0;0;5;4;3;4;3;3;0;7;7;0;0;por;0;0;0;1;1;0;0;1;0;0;0;1;0;0;1;0;0;0;0;0;-7;3.5;3.0
MS;F;18;R;GT3;T;2;2;2;3;0;0;0;0;0;1;1;0;0;5;3;3;1;3;4;0;14;17;15;0;por;0;1;0;1;1;0;0;0;0;0;0;1;0;0;0;1;0;1;0;1;1;2.0;2.0
MS;F;17;U;GT3;T;4;3;2;2;0;0;0;0;0;1;1;1;0;5;5;4;1;1;1;0;6;9;11;0;por;0;1;1;1;1;0;0;0;0;1;0;1;0;0;0;1;0;1;0;1;5;1.0;3.5
MS;F;18;R;GT3;T;4;4;3;1;0;0;1;0;1;1;1;1;1;4;4;3;2;2;5;4;7;9;10;0;por;4;1;0;1;1;0;0;0;0;1;0;0;0;0;0;0;1;1;0;1;3;2.0;4.0
MS;F;19;R;GT3;T;2;3;1;3;1;0;0;0;1;0;1;1;0;5;4;2;1;2;5;4;10;11;10;0;por;4;1;0;1;1;0;0;0;1;0;0;1;0;0;0;0;0;1;0;1;0;1.5;2.5
MS;F;18;U;LE3;T;3;1;1;2;0;0;1;0;0;1;1;1;0;4;3;4;1;1;1;4;15;15;16;0;por;4;1;1;0;1;0;0;0;0;1;0;0;1;0;0;0;0;1;0;1;1;1.0;2.0
MS;F;18;U;GT3;T;1;1;2;2;0;0;0;0;1;1;1;0;0;1;1;1;1;1;5;6;11;12;9;0;por;6;1;1;1;1;0;0;1;0;0;0;1;0;0;0;0;0;1;0;0;-2;1.0;1.0
MS;M;17;U;LE3;T;3;1;2;1;0;0;0;0;0;0;1;1;0;2;4;5;3;4;2;6;10;10;10;0;por;6;0;1;0;1;0;0;0;1;0;0;0;1;0;0;0;0;1;0;1;0;3.5;2.0
MS;M;18;R;LE3;T;3;2;3;1;0;0;0;0;0;0;1;1;0;4;4;1;3;4;5;4;10;11;11;0;por;4;0;0;0;1;0;0;0;1;0;0;1;0;0;0;0;0;1;0;1;1;3.5;2.5
